Project.ID,Deployment.Location.ID,Deployment.ID,Treatment.Strata,Latitude,Longitude,Camera.Deployment.Begin.Date,Camera.Deployment.End.Date,Bait.Type,Feature.Type,Quiet.Period.Setting,Camera.Failure.Details,Camera.Make,Height,Angle,Utm.Code,Utm.Northing,Utm.Easting,Location.trail,Camera,# days active,Location,notes
OFP,9,17,Alluvial Bench,-1.20752,110.10863,2015-06-18,2016-02-04,None,ON-TRAIL,10,,Bushnell Trophy Cam HD,42,Parallel,,,,,kkl003,231,BM 14.35,
OFP,9,363,Alluvial Bench,-1.20752,110.10863,2018-05-03,2018-08-08,None,ON-TRAIL,10,,Bushnell Trophy Cam HD,45,Parallel,,,,,kkl074,97,BM 14.35,
OFP,10,18,Alluvial Bench,-1.20704,110.10824,2016-02-04,2016-03-06,None,ON-TRAIL,10,,Bushnell Trophy Cam HD,42,Parallel,,,,,kkl003,31,DS 11.40,
OFP,11,19,Alluvial Bench,-1.20697,110.10837,2016-03-06,2016-03-29,None,ON-TRAIL,10,,Bushnell Trophy Cam HD,40,Parallel,,,,,kkl003,23,DS 12,
OFP,11,20,Alluvial Bench,-1.20697,110.10837,2016-04-16,2016-05-04,None,ON-TRAIL,10,,Bushnell Trophy Cam HD,40,Parallel,,,,,kkl017,18,DS 12,
OFP,11,21,Alluvial Bench,-1.20697,110.10837,2016-05-05,2016-10-07,None,ON-TRAIL,10,,Bushnell Trophy Cam HD,43,Parallel,,,,,kkl035,155,DS 12,
OFP,11,385,Alluvial Bench,-1.20697,110.10837,2018-12-19,2019-03-04,None,ON-TRAIL,10,,Bushnell Trophy Cam HD,42,Parallel,,,,,kkl074,140,DS 12,
OFP,11,438,Alluvial Bench,-1.20697,110.10837,2019-03-05,2020-01-05,None,ON-TRAIL,10,,Bushnell Trophy Cam HD,35,Parallel,,,,,kkl016,306,DS 12,
OFP,12,22,Upland Granite,-1.21033,110.128,2015-06-10,2016-02-02,None,ON-TRAIL,10,,Bushnell Trophy Cam HD,35,Parallel,,,,,kkl008,237,GP 71.22,
OFP,12,537,Upland Granite,-1.21033,110.128,2020-06-16,2020-07-25,None,ON-TRAIL,10,,Bushnell Trophy Cam HD,45,Parallel,,,,,OFP096,39,GP 71.22,
OFP,13,23,Upland Granite,-1.21087,110.12574,2016-02-02,2016-10-26,None,ON-TRAIL,10,,Bushnell Trophy Cam HD,41,Parallel,,,,,kkl008,267,GP 66.01,
OFP,13,485,Upland Granite,-1.21087,110.12574,2020-03-10,2020-04-08,None,ON-TRAIL,10,,Bushnell Trophy Cam HD,41,Parallel,,,,,kkl001,8,GP 66.01,
OFP,127,174,Alluvial Bench,-1.2281,110.10597,2015-06-23,2016-01-30,None,ON-TRAIL,10,,Bushnell Trophy Cam HD,41,Parallel,,,,,kkl001,221,DT 8.46,
OFP,127,500,Alluvial Bench,-1.2281,110.10597,2020-02-25,2020-03-28,None,ON-TRAIL,10,,Bushnell Trophy Cam HD,41,Parallel,,,,,OFP093,32,DT 8.46,
OFP,127,517,Alluvial Bench,-1.2281,110.10597,2020-03-29,2020-09-20,None,ON-TRAIL,10,,Bushnell Trophy Cam HD,27,Parallel,,,,,OFP085,176,DT 8.46,"ajm (2021-11-04)- changed start date; the only hit on 2020-03-28 (overal day with location 500) was person setting up camera, so ajm set start day as 2020-03-28 to avoid overlap with location 500."
OFP,127,557,Alluvial Bench,-1.2281,110.10597,2018-07-14,2018-08-12,None,ON-TRAIL,10,,Bushnell Trophy Cam HD,34,Parallel,,,,,kkl067,29,DT 8.46,
OFP,128,178,Alluvial Bench,-1.21856,110.10485,2015-06-18,2015-07-20,None,ON-TRAIL,10,,Bushnell Trophy Cam HD,40,Parallel,,,,,kkl001,5,MT 2,
OFP,129,175,Kerangas,-1.22735,110.10488,2016-01-30,2016-06-12,None,ON-TRAIL,10,,Bushnell Trophy Cam HD,41,Parallel,,,,,kkl001,183,DA 3.40,ajm (2021-11-04)- fixed end date
OFP,129,212,Kerangas,-1.22735,110.10488,2016-08-25,2016-10-04,None,ON-TRAIL,10,,Bushnell Trophy Cam HD,41,Parallel,,,,,kkl039,70,DA 3.40,ajm (2021-11-04)- fixed start and end date
OFP,129,374,Kerangas,-1.22735,110.10488,2018-05-02,2018-09-01,None,ON-TRAIL,10,,Bushnell Trophy Cam HD,42,Parallel,,,,,kkl050,122,DA 3.40,
OFP,130,183,Lowland Sandstone,-1.21712,110.10572,2015-06-18,2016-01-31,None,ON-TRAIL,10,,Bushnell Trophy Cam HD,41,Parallel,,,,,kkl002,227,BC 2.19,
OFP,130,440,Lowland Sandstone,-1.21712,110.10572,2019-03-25,2019-08-06,None,ON-TRAIL,10,,Bushnell Trophy Cam HD,41,Parallel,,,,,kkl052,134,BC 2.19,
OFP,130,542,Lowland Sandstone,-1.21712,110.10572,2020-06-14,2020-09-28,None,ON-TRAIL,10,,Bushnell Trophy Cam HD,41,Parallel,,,,,OFP104,106,BC 2.19,
OFP,131,173,Lowland Sandstone,-1.21815,110.1082,2016-01-30,2016-10-07,None,ON-TRAIL,10,,Bushnell Trophy Cam HD,52,Parallel,,,,,kkl002,251,BC 8.30,
OFP,131,375,Lowland Sandstone,-1.21815,110.1082,2018-06-03,2018-10-15,None,ON-TRAIL,10,,Bushnell Trophy Cam HD,43,Parallel,,,,,kkl052,134,BC 8.30,
OFP,132,177,Freshwater Swamp,-1.21596,110.10131,2015-06-20,2016-01-31,None,ON-TRAIL,10,,Bushnell Trophy Cam HD,40,Parallel,,,,,kkl004,225,ST 5,
OFP,132,442,Freshwater Swamp,-1.21596,110.10131,2019-03-25,2019-07-08,None,ON-TRAIL,10,,Bushnell Trophy Cam HD,40,Parallel,,,,,kkl062,105,ST 5,
OFP,132,526,Freshwater Swamp,-1.21596,110.10131,2020-06-07,2020-09-22,None,ON-TRAIL,10,,Bushnell Trophy Cam HD,40,Parallel,,,,,kkl067,107,ST 5,
OFP,133,176,Freshwater Swamp,-1.21382,110.10215,2016-01-31,2016-10-07,None,ON-TRAIL,10,,Bushnell Trophy Cam HD,38,Parallel,,,,,kkl004,250,RB 9,
OFP,133,330,Freshwater Swamp,-1.21382,110.10215,2017-12-23,2018-03-23,None,ON-TRAIL,10,,Bushnell Trophy Cam HD,41,Parallel,,,,,kkl045,90,RB 9,
OFP,133,513,Freshwater Swamp,-1.21382,110.10215,2020-05-02,2020-06-06,None,ON-TRAIL,10,,Bushnell Trophy Cam HD,41,Parallel,,,,,kkl016,4,RB 9,
OFP,134,180,Kerangas,-1.22784,110.10319,2015-06-20,2016-01-30,None,ON-TRAIL,10,,Bushnell Trophy Cam HD,40,Parallel,,,,,kkl005,224,SP 31.22,
OFP,134,431,Kerangas,-1.22784,110.10319,2019-03-10,2020-02-25,None,ON-TRAIL,10,,Bushnell Trophy Cam HD,40,Parallel,,,,,kkl067,352,SP 31.22,
OFP,135,179,Alluvial Bench,-1.22219,110.10448,2016-01-30,2016-10-04,None,ON-TRAIL,10,,Bushnell Trophy Cam HD,40,Parallel,,,,,kkl005,248,SK 10.35,
OFP,135,332,Alluvial Bench,-1.22219,110.10448,2017-12-24,2018-05-02,None,ON-TRAIL,10,,Bushnell Trophy Cam HD,48,Parallel,,,,,kkl050,129,SK 10.35,
OFP,136,181,Freshwater Swamp,-1.22302,110.10008,2015-06-20,2016-02-05,None,ON-TRAIL,10,,Bushnell Trophy Cam HD,40,Parallel,,,,,kkl006,230,MB 17.16,
OFP,136,353,Freshwater Swamp,-1.22302,110.10008,2018-02-26,2018-04-28,None,ON-TRAIL,10,,Bushnell Trophy Cam HD,41,Parallel,,,,,kkl014,3,MB 17.16,
OFP,137,182,Freshwater Swamp,-1.22079,110.09916,2016-02-05,2016-10-08,None,ON-TRAIL,10,,Bushnell Trophy Cam HD,40,Parallel,,,,,kkl006,246,SZ 15.25,
OFP,137,463,Freshwater Swamp,-1.22079,110.09916,2019-09-16,2020-03-01,None,ON-TRAIL,10,,Bushnell Trophy Cam HD,40,Parallel,,,,,kkl063,167,SZ 15.25,
OFP,138,184,Upland Granite,-1.21043,110.12347,2015-06-19,2016-02-02,None,ON-TRAIL,10,,Bushnell Trophy Cam HD,41,Parallel,,,,,kkl007,228,GP 60.34,
OFP,138,366,Upland Granite,-1.21043,110.12347,2018-05-01,2018-09-27,None,ON-TRAIL,10,,Bushnell Trophy Cam HD,47,Parallel,,,,,kkl008,149,GP 60.34,
OFP,138,461,Upland Granite,-1.21043,110.12347,2019-09-19,2019-10-16,None,ON-TRAIL,10,,Bushnell Trophy Cam HD,47,Parallel,,,,,kkl047,27,GP 60.34,
OFP,138,482,Upland Granite,-1.21043,110.12347,2019-12-17,2020-01-16,None,ON-TRAIL,10,,Bushnell Trophy Cam HD,47,Parallel,,,,,OFP081,30,GP 60.34,
OFP,139,185,Upland Granite,-1.21222,110.12592,2016-02-02,2016-10-19,None,ON-TRAIL,10,,Bushnell Trophy Cam HD,55,Parallel,,,,,kkl007,260,MR 9.40,
OFP,139,386,Upland Granite,-1.21222,110.12592,2018-05-04,2018-10-20,None,ON-TRAIL,10,,Bushnell Trophy Cam HD,55,Parallel,,,,,kkl007,169,MR 9.40,
OFP,139,550,Upland Granite,-1.21222,110.12592,2020-02-09,2020-06-06,None,ON-TRAIL,10,,Bushnell Trophy Cam HD,55,Parallel,,,,,OFP106,118,MR 9.40,
OFP,140,186,Upland Granite,-1.21001,110.13112,2015-06-19,2016-02-02,None,ON-TRAIL,10,,Bushnell Trophy Cam HD,41,Parallel,,,,,kkl009,228,GP 79.35,
OFP,140,328,Upland Granite,-1.21001,110.13112,2018-02-15,2018-04-18,None,ON-TRAIL,10,,Bushnell Trophy Cam HD,41,Parallel,,,,,kkl040,62,GP 79.35,
OFP,140,499,Upland Granite,-1.21001,110.13112,2020-02-09,2020-09-26,None,ON-TRAIL,10,,Bushnell Trophy Cam HD,41,Parallel,,,,,OFP090,230,GP 79.35,
OFP,141,187,Upland Granite,-1.21142,110.13108,2016-02-02,2016-06-19,None,ON-TRAIL,10,,Bushnell Trophy Cam HD,58,Parallel,,,,,kkl009,180,PP 3.35,ajm (2021-11-04)- fixed end date
OFP,141,210,Upland Granite,-1.21142,110.13108,2016-07-31,2016-10-23,None,ON-TRAIL,10,,Bushnell Trophy Cam HD,58,Parallel,,,,,kkl040,87,PP 3.35,ajm (2021-11-04)- fixed end date
OFP,141,567,Upland Granite,-1.21142,110.13108,2018-05-08,2018-09-04,None,ON-TRAIL,10,,Bushnell Trophy Cam HD,58,Parallel,,,,,kkl040,119,PP 3.35,
OFP,142,188,Montane,-1.20939,110.13502,2015-06-19,2016-02-02,None,ON-TRAIL,10,,Bushnell Trophy Cam HD,41,Parallel,,,,,kkl010,228,GP 90,
OFP,142,356,Montane,-1.20939,110.13502,2018-05-08,2018-10-09,None,ON-TRAIL,10,,Bushnell Trophy Cam HD,40,Parallel,,,,,kkl076,154,GP 90,
OFP,142,446,Montane,-1.20939,110.13502,2019-04-09,2019-10-10,None,ON-TRAIL,10,,Bushnell Trophy Cam HD,40,Parallel,,,,,kkl076,184,GP 90,
OFP,142,528,Montane,-1.20939,110.13502,2020-06-09,2020-07-10,None,ON-TRAIL,10,,Bushnell Trophy Cam HD,40,Parallel,,,,,kkl076,5,GP 90,
OFP,143,189,Montane,-1.2096,110.13661,2016-02-02,2016-07-04,None,ON-TRAIL,10,,Bushnell Trophy Cam HD,40,Parallel,,,,,kkl010,180,GP 94.30,ajm (2021-11-04)- fixed end date
OFP,143,211,Montane,-1.2096,110.13661,2016-08-01,2016-10-26,None,ON-TRAIL,10,,Bushnell Trophy Cam HD,38,Parallel,,,,,kkl042,87,GP 94.30,ajm (2021-11-04)- fixed start date
OFP,143,347,Montane,-1.2096,110.13661,2018-01-09,2018-05-08,None,ON-TRAIL,10,,Bushnell Trophy Cam HD,38,Parallel,,,,,kkl076,119,GP 94.30,
OFP,143,464,Montane,-1.2096,110.13661,2019-10-10,2020-02-09,None,ON-TRAIL,10,,Bushnell Trophy Cam HD,38,Parallel,,,,,kkl076,122,GP 94.30,
OFP,144,190,Peat Swamp,-1.21188,110.09911,2015-06-20,2016-03-08,None,ON-TRAIL,10,,Bushnell Trophy Cam HD,40,Parallel,,,,,kkl011,262,KP 33.32,
OFP,144,321,Peat Swamp,-1.21188,110.09911,2017-12-23,2018-09-16,None,ON-TRAIL,10,,Bushnell Trophy Cam HD,39,Parallel,,,,,kkl029,267,KP 33.32,
OFP,144,489,Peat Swamp,-1.21188,110.09911,2020-02-11,2020-05-02,None,ON-TRAIL,10,,Bushnell Trophy Cam HD,39,Parallel,,,,,kkl029,81,KP 33.32,
OFP,144,515,Peat Swamp,-1.21188,110.09911,2020-05-03,2020-06-13,None,ON-TRAIL,10,,Bushnell Trophy Cam HD,39,Parallel,,,,,kkl075,41,KP 33.32,
OFP,145,191,Peat Swamp,-1.21024,110.09765,2016-03-08,2016-04-12,None,ON-TRAIL,10,,Bushnell Trophy Cam HD,41,Parallel,,,,,kkl011,35,KP 7.06,
OFP,146,192,Peat Swamp,-1.2108,110.09754,2016-04-12,2016-10-25,None,ON-TRAIL,10,,Bushnell Trophy Cam HD,40,Parallel,,,,,kkl011,196,KP 5.44,
OFP,146,398,Peat Swamp,-1.2108,110.09754,2018-10-11,2018-11-20,None,ON-TRAIL,10,,Bushnell Trophy Cam HD,40,Parallel,,,,,kkl029,10,KP 5.44,
OFP,146,509,Peat Swamp,-1.2108,110.09754,2019-01-10,2019-02-12,None,ON-TRAIL,10,,Bushnell Trophy Cam HD,40,Parallel,,,,,kkl029,33,KP 5.44,
OFP,146,527,Peat Swamp,-1.2108,110.09754,2020-06-13,2020-09-22,None,ON-TRAIL,10,,Bushnell Trophy Cam HD,40,Parallel,,,,,kkl075,101,KP 5.44,
OFP,147,193,Alluvial Bench,-1.21929,110.10307,2015-06-20,2016-01-31,None,ON-TRAIL,10,,Bushnell Trophy Cam HD,41,Parallel,,,,,kkl012,225,SK 2.13,
OFP,147,346,Alluvial Bench,-1.21929,110.10307,2017-12-25,2018-04-14,None,ON-TRAIL,10,,Bushnell Trophy Cam HD,37,Parallel,,,,,kkl075,110,SK 2.13,
OFP,147,538,Alluvial Bench,-1.21929,110.10307,2020-06-07,2020-08-19,None,ON-TRAIL,10,,Bushnell Trophy Cam HD,41,Parallel,,,,,OFP097,73,SK 2.13,
OFP,148,194,Alluvial Bench,-1.21851,110.10475,2016-01-31,2016-08-29,None,ON-TRAIL,10,,Bushnell Trophy Cam HD,41,Parallel,,,,,kkl012,211,MT 1.40,
OFP,148,408,Alluvial Bench,-1.21851,110.10475,2018-09-30,2019-01-10,None,ON-TRAIL,10,,Bushnell Trophy Cam HD,41,Parallel,,,,,kkl045,102,MT 1.40,
OFP,148,460,Alluvial Bench,-1.21851,110.10475,2019-10-16,2019-11-10,None,ON-TRAIL,10,,Bushnell Trophy Cam HD,41,Parallel,,,,,kkl046,25,MT 1.40,
OFP,149,195,Lowland Sandstone,-1.20737,110.11285,2015-06-21,2016-01-23,None,ON-TRAIL,10,,Bushnell Trophy Cam HD,40,Parallel,,,,,kkl013,247,TL 17.38,ajm (2021-11-03)-fixed end date
OFP,149,320,Lowland Sandstone,-1.20737,110.11285,2017-12-29,2018-03-24,None,ON-TRAIL,10,,Bushnell Trophy Cam HD,38,Parallel,,,,,kkl026,86,TL 17.38,"ajm (2021-11-04)- changed end date date; the only hit on 2020-03-25 (overal day with location 354) was people servicing camera camera, so ajm set end day as 2020-03-24 to avoid overlap with location 354."
OFP,149,354,Lowland Sandstone,-1.20737,110.11285,2018-03-25,2018-05-21,None,ON-TRAIL,10,,Bushnell Trophy Cam HD,41,Parallel,,,,,kkl016,57,TL 17.38,
OFP,150,196,Lowland Granite,-1.21605,110.11442,2015-06-21,2016-02-23,None,ON-TRAIL,10,,Bushnell Trophy Cam HD,41,Parallel,,,,,kkl014,247,GP 30.24,
OFP,150,377,Lowland Granite,-1.21605,110.11442,2018-05-07,2018-07-10,None,ON-TRAIL,10,,Bushnell Trophy Cam HD,41,Parallel,,,,,kkl059,64,GP 30.24,
OFP,151,197,Lowland Granite,-1.2081,110.11807,2016-02-23,2016-12-07,None,ON-TRAIL,10,,Bushnell Trophy Cam HD,41,Parallel,,,,,kkl014,288,TL 35.42,
OFP,151,319,Lowland Granite,-1.2081,110.11807,2017-12-29,2018-03-24,None,ON-TRAIL,10,,Bushnell Trophy Cam HD,38,Parallel,,,,,kkl022,85,TL 35.42,
OFP,151,430,Lowland Granite,-1.2081,110.11807,2019-02-11,2019-03-02,None,ON-TRAIL,10,,Bushnell Trophy Cam HD,38,Parallel,,,,,kkl052,19,TL 35.42,
OFP,151,543,Lowland Granite,-1.2081,110.11807,2020-06-17,2020-09-22,None,ON-TRAIL,10,,Bushnell Trophy Cam HD,38,Parallel,,,,,OFP105,97,TL 35.42,
OFP,152,198,Lowland Granite,-1.21272,110.11988,2015-06-21,2016-02-02,None,ON-TRAIL,10,,Bushnell Trophy Cam HD,41,Parallel,,,,,kkl015,226,ML 22.48,
OFP,153,199,Lowland Granite,-1.21809,110.11567,2016-02-02,2016-10-20,None,ON-TRAIL,10,,Bushnell Trophy Cam HD,40,Parallel,,,,,kkl015,261,ML 5.06,
OFP,154,200,Lowland Granite,-1.22393,110.11439,2015-06-22,2016-10-10,None,ON-TRAIL,10,,Bushnell Trophy Cam HD,68,Parallel,,,,,kkl016,476,UB 17.02,
OFP,154,358,Lowland Granite,-1.22393,110.11439,2018-04-30,2018-10-14,None,ON-TRAIL,10,,Bushnell Trophy Cam HD,40,Parallel,,,,,kkl026,167,UB 17.02,
OFP,154,468,Lowland Granite,-1.22393,110.11439,2019-09-20,2020-01-11,None,ON-TRAIL,10,,Bushnell Trophy Cam HD,40,Parallel,,,,,OFP092,114,UB 17.02,"ajm (2021-11-03)-fixed end date (only capturees n 2020-01-12 were people taking down camera, moved a day earlier ton avoid overlaop with 490, which had animal videos on 2020-01-12"
OFP,154,490,Lowland Granite,-1.22393,110.11439,2020-01-12,2020-03-14,None,ON-TRAIL,10,,Bushnell Trophy Cam HD,40,Parallel,,,,,kkl026,62,UB 17.02,
OFP,154,601,Lowland Granite,-1.22393,110.11439,2020-03-15,2020-06-11,None,ON-TRAIL,10,,Bushnell Trophy Cam HD,40,Parallel,,,,,OFP092,114,UB 17.02,ajm (2021-11-03)-created new placement to account for previously incorrect dates on placement 468 
OFP,155,201,Lowland Granite,-1.22905,110.11547,2015-06-22,2015-12-01,None,ON-TRAIL,10,,Bushnell Trophy Cam HD,43,Parallel,,,,,kkl017,162,HB 15.38,
OFP,155,220,Lowland Granite,-1.22905,110.11547,2015-12-26,2016-02-22,None,ON-TRAIL,10,,Bushnell Trophy Cam HD,63,Parallel,,,,,kkl024,58,HB 15.38,
OFP,155,429,Lowland Granite,-1.22905,110.11547,2019-03-14,2019-07-09,None,ON-TRAIL,10,,Bushnell Trophy Cam HD,63,Parallel,,,,,kkl064,117,HB 15.38,
OFP,155,467,Lowland Granite,-1.22905,110.11547,2019-09-12,2020-06-10,None,ON-TRAIL,10,,Bushnell Trophy Cam HD,63,Parallel,,,,,OFP091,184,HB 15.38,
OFP,156,203,Lowland Granite,-1.23304,110.11118,2016-02-22,2016-10-11,None,ON-TRAIL,10,,Bushnell Trophy Cam HD,41,Parallel,,,,,kkl024,232,HB 2.25,
OFP,156,406,Lowland Granite,-1.23304,110.11118,2018-12-22,2019-03-10,None,ON-TRAIL,10,,Bushnell Trophy Cam HD,41,Parallel,,,,,kkl024,78,HB 2.25,
OFP,156,534,Lowland Granite,-1.23304,110.11118,2020-06-11,2020-07-10,None,ON-TRAIL,10,,Bushnell Trophy Cam HD,41,Parallel,,,,,OFP091,29,HB 2.25,
OFP,156,548,Lowland Granite,-1.23304,110.11118,2020-07-16,2020-08-01,None,ON-TRAIL,10,,Bushnell Trophy Cam HD,41,Parallel,,,,,OFP095,16,HB 2.25,
OFP,157,204,Lowland Sandstone,-1.22359,110.11033,2015-06-22,2015-12-23,None,ON-TRAIL,10,,Bushnell Trophy Cam HD,39,Parallel,,,,,kkl018,204,AT 7.21,ajm (2021-11-04)- fixed end date
OFP,157,205,Lowland Sandstone,-1.22359,110.11033,2016-01-12,2016-01-30,None,ON-TRAIL,10,,Bushnell Trophy Cam HD,39,Parallel,,,,,kkl028,18,AT 7.21,ajm (2021-11-04)- fixed end date
OFP,157,399,Lowland Sandstone,-1.22359,110.11033,2018-10-19,2018-11-19,None,ON-TRAIL,10,,Bushnell Trophy Cam HD,39,Parallel,,,,,kkl028,31,AT 7.21,
OFP,157,566,Lowland Sandstone,-1.22359,110.11033,2018-05-02,2018-05-07,None,ON-TRAIL,10,,Bushnell Trophy Cam HD,39,Parallel,,,,,kkl028,10,AT 7.21,ajm (2021-11-04)- fixed end date
OFP,158,206,Lowland Sandstone,-1.22547,110.11023,2016-01-30,2016-10-05,None,ON-TRAIL,10,,Bushnell Trophy Cam HD,40,Parallel,,,,,kkl028,249,AT 11.33,
OFP,158,502,Lowland Sandstone,-1.22547,110.11023,2020-03-02,2020-09-20,None,ON-TRAIL,10,,Bushnell Trophy Cam HD,40,Parallel,,,,,OFP101,202,AT 11.33,
OFP,159,143,Lowland Granite,-1.226,110.11576,2016-02-22,2016-05-12,None,ON-TRAIL,10,,Bushnell Trophy Cam HD,35,Parallel,,,,,kkl018,80,UB 22.30,
OFP,159,400,Lowland Granite,-1.226,110.11576,2018-10-14,2018-11-26,None,ON-TRAIL,10,,Bushnell Trophy Cam HD,35,Parallel,,,,,kkl022,43,UB 22.30,
OFP,159,426,Lowland Granite,-1.226,110.11576,2018-12-22,2019-01-29,None,ON-TRAIL,10,,Bushnell Trophy Cam HD,35,Parallel,,,,,kkl026,38,UB 22.30,
OFP,159,535,Lowland Granite,-1.226,110.11576,2020-06-11,2020-07-14,None,ON-TRAIL,10,,Bushnell Trophy Cam HD,35,Parallel,,,,,OFP092,33,UB 22.30,
OFP,160,144,Freshwater Swamp,-1.21263,110.10065,2015-08-15,2016-01-31,None,ON-TRAIL,10,,Bushnell Trophy Cam HD,40,Parallel,,,,,kkl019,169,DG 2.15,
OFP,161,145,Freshwater Swamp,-1.21013,110.10319,2016-01-31,2016-10-07,None,ON-TRAIL,10,,Bushnell Trophy Cam HD,42,Parallel,,,,,kkl019,250,GB 8.30,
OFP,162,146,Peat Swamp,-1.20966,110.09449,2015-08-15,2015-11-18,None,ON-TRAIL,10,,Bushnell Trophy Cam HD,40,Parallel,,,,,kkl020,95,BD 7.45,
OFP,162,387,Peat Swamp,-1.20966,110.09449,2018-10-14,2019-03-14,None,ON-TRAIL,10,,Bushnell Trophy Cam HD,40,Parallel,,,,,kkl063,151,BD 7.45,
OFP,162,514,Peat Swamp,-1.20966,110.09449,2020-05-06,2020-09-24,None,ON-TRAIL,10,,Bushnell Trophy Cam HD,40,Parallel,,,,,kkl029,141,BD 7.45,
OFP,162,553,Peat Swamp,-1.20966,110.09449,2020-02-16,2020-04-23,None,ON-TRAIL,10,,Bushnell Trophy Cam HD,40,Parallel,,,,,kkl073,67,BD 7.45,
OFP,163,147,Lowland Sandstone,-1.22791,110.11164,2015-08-16,2016-02-20,None,ON-TRAIL,10,,Bushnell Trophy Cam HD,40,Parallel,,,,,kkl021,188,SI 15.10,
OFP,163,507,Lowland Sandstone,-1.22791,110.11164,2017-12-26,2018-05-11,None,ON-TRAIL,10,,Bushnell Trophy Cam HD,40,Parallel,,,,,kkl021,136,SI 15.10,
OFP,163,532,Lowland Sandstone,-1.22791,110.11164,2020-05-07,2020-07-03,None,ON-TRAIL,10,,Bushnell Trophy Cam HD,40,Parallel,,,,,OFP089,57,SI 15.10,
OFP,164,148,Lowland Sandstone,-1.23304,110.10912,2016-02-20,2016-10-11,None,ON-TRAIL,10,,Bushnell Trophy Cam HD,75,Parallel,,,,,kkl021,234,DP 8.00,
OFP,164,457,Lowland Sandstone,-1.23304,110.10912,2019-10-19,2020-02-13,None,ON-TRAIL,10,,Bushnell Trophy Cam HD,75,Parallel,,,,,kkl024,117,DP 8.00,
OFP,164,508,Lowland Sandstone,-1.23304,110.10912,2018-05-19,2018-06-04,None,ON-TRAIL,10,,Bushnell Trophy Cam HD,75,Parallel,,,,,kkl021,16,DP 8.00,
OFP,165,149,Upland Granite,-1.22957,110.12312,2015-08-18,2016-02-09,None,ON-TRAIL,10,,Bushnell Trophy Cam HD,38,Parallel,,,,,kkl022,175,UB 46.02,
OFP,165,357,Upland Granite,-1.22957,110.12312,2018-04-30,2018-08-16,None,ON-TRAIL,10,,Bushnell Trophy Cam HD,40,Parallel,,,,,kkl078,108,UB 46.02,
OFP,165,539,Upland Granite,-1.22957,110.12312,2020-06-16,2020-09-26,None,ON-TRAIL,10,,Bushnell Trophy Cam HD,40,Parallel,,,,,OFP098,102,UB 46.02,
OFP,166,150,Upland Granite,-1.2265,110.1208,2016-02-09,2016-10-10,None,ON-TRAIL,10,,Bushnell Trophy Cam HD,42,Parallel,,,,,kkl022,244,NB 10.20,
OFP,166,415,Upland Granite,-1.2265,110.1208,2018-12-27,2020-03-04,None,ON-TRAIL,10,,Bushnell Trophy Cam HD,42,Parallel,,,,,OFP084,433,NB 10.20,"ajm (2021-11-03)- fixed start and end date, deleted placement 561, 562. for this whole period there is a long string with some videos listed as camera OFP084 and some OFP 092. I think there might have been some labeling issues wrt to camera name, as this seems to be a single placement"
OFP,167,151,Upland Granite,-1.2287,110.12817,2015-08-18,2016-02-09,None,ON-TRAIL,10,,Bushnell Trophy Cam HD,42,Parallel,,,,,kkl023,175,UB 58.25,
OFP,167,530,Upland Granite,-1.2287,110.12817,2020-06-16,2020-09-26,None,ON-TRAIL,10,,Bushnell Trophy Cam HD,42,Parallel,,,,,OFP084,102,UB 58.25,
OFP,168,152,Upland Granite,-1.22912,110.13028,2016-02-09,2016-05-25,None,ON-TRAIL,10,,Bushnell Trophy Cam HD,24,Parallel,,,,,kkl023,173,UB 63.18,ajm (2021-11-04)- fixed end date
OFP,168,209,Upland Granite,-1.22912,110.13028,2016-07-31,2016-10-10,None,ON-TRAIL,10,,Bushnell Trophy Cam HD,24,Parallel,,,,,kkl038,71,UB 63.18,
OFP,168,458,Upland Granite,-1.22912,110.13028,2019-10-11,2019-12-22,None,ON-TRAIL,10,,Bushnell Trophy Cam HD,24,Parallel,,,,,kkl038,72,UB 63.18,
OFP,168,459,Upland Granite,-1.22912,110.13028,2018-01-17,2018-05-31,None,ON-TRAIL,10,,Bushnell Trophy Cam HD,24,Parallel,,,,,kkl038,256,UB 63.18,ajm (2021-11-04)- fixed end date
OFP,168,602,Upland Granite,-1.22912,110.13028,2018-07-15,2018-09-30,None,ON-TRAIL,10,,Bushnell Trophy Cam HD,24,Parallel,,,,,kkl038,72,UB 63.18,ajm (2021-11-04)- created new placement to match active dates
OFP,170,154,Montane,-1.22993,110.13567,2015-08-18,2016-02-09,None,ON-TRAIL,10,,Bushnell Trophy Cam HD,50,Parallel,,,,,kkl025,175,UB 75.35,
OFP,170,168,Montane,-1.22993,110.13567,2016-02-24,2016-10-10,None,ON-TRAIL,10,,Bushnell Trophy Cam HD,47,Parallel,,,,,kkl031,229,UB 75.35,
OFP,170,370,Montane,-1.22993,110.13567,2018-08-05,2018-11-11,None,ON-TRAIL,10,,Bushnell Trophy Cam HD,47,Parallel,,,,,kkl034,98,UB 75.35,
OFP,170,424,Montane,-1.22993,110.13567,2019-03-11,2019-07-31,None,ON-TRAIL,10,,Bushnell Trophy Cam HD,47,Parallel,,,,,kkl031,142,UB 75.35,
OFP,171,155,Montane,-1.23109,110.13722,2016-02-09,2016-02-13,None,ON-TRAIL,10,,Bushnell Trophy Cam HD,34,Parallel,,,,,kkl025,68,UB 80.03,ajm (2021-11-04)- fixed end date
OFP,171,221,Montane,-1.23109,110.13722,2016-04-17,2016-10-10,None,ON-TRAIL,10,,Bushnell Trophy Cam HD,34,Parallel,,,,,kkl034,176,UB 80.03,
OFP,172,156,Montane,-1.23188,110.13854,2015-08-18,2016-02-09,None,ON-TRAIL,10,,Bushnell Trophy Cam HD,50,Parallel,,,,,kkl026,175,UB 85.30,
OFP,172,315,Montane,-1.23188,110.13854,2017-12-24,2018-04-19,None,ON-TRAIL,10,,Bushnell Trophy Cam HD,50,Parallel,,,,,kkl031,116,UB 85.30,
OFP,172,388,Montane,-1.23188,110.13854,2018-10-09,2019-03-14,None,ON-TRAIL,10,,Bushnell Trophy Cam HD,50,Parallel,,,,,kkl064,156,UB 85.30,
OFP,172,456,Montane,-1.23188,110.13854,2019-10-10,2020-01-22,None,ON-TRAIL,10,,Bushnell Trophy Cam HD,50,Parallel,,,,,kkl021,104,UB 85.30,
OFP,172,547,Montane,-1.23188,110.13854,2020-06-09,2020-09-26,None,ON-TRAIL,10,,Bushnell Trophy Cam HD,50,Parallel,,,,,OFP111,109,UB 85.30,
OFP,173,157,Montane,-1.23046,110.13847,2016-02-09,2016-10-10,None,ON-TRAIL,10,,Bushnell Trophy Cam HD,40,Parallel,,,,,kkl026,244,JJ 2.30,
OFP,173,316,Montane,-1.23046,110.13847,2017-12-24,2018-03-24,None,ON-TRAIL,10,,Bushnell Trophy Cam HD,40,Parallel,,,,,kkl064,90,JJ 2.30,
OFP,174,158,Lowland Sandstone,-1.22856,110.10848,2015-08-12,2016-01-30,None,ON-TRAIL,10,,Bushnell Trophy Cam HD,38,Parallel,,,,,kkl027,171,DA 12.40,
OFP,174,365,Lowland Sandstone,-1.22856,110.10848,2018-05-02,2018-09-15,None,ON-TRAIL,10,,Bushnell Trophy Cam HD,38,Parallel,,,,,kkl005,136,DA 12.40,
OFP,175,159,Lowland Sandstone,-1.22942,110.10719,2016-01-30,2016-10-05,None,ON-TRAIL,10,,Bushnell Trophy Cam HD,38,Parallel,,,,,kkl027,249,BK 4.35,
OFP,175,414,Lowland Sandstone,-1.22942,110.10719,2019-02-02,2019-03-25,None,ON-TRAIL,10,,Bushnell Trophy Cam HD,38,Parallel,,,,,OFP085,51,BK 4.35,
OFP,175,452,Lowland Sandstone,-1.22942,110.10719,2019-07-30,2020-02-25,None,ON-TRAIL,10,,Bushnell Trophy Cam HD,38,Parallel,,,,,OFP085,210,BK 4.35,
OFP,176,153,Alluvial Bench,-1.221819,110.101329,2015-08-12,2015-11-03,None,OFF-TRAIL,10,,Bushnell Trophy Cam HD,42,Parallel,,,,,kkl024,83,ST 18 E 15,"note: this was location #169, but it's field of view largely overlaps 176, so we have collapsed them into a single location to avoid double counting"
OFP,176,160,Alluvial Bench,-1.221819,110.101329,2015-08-12,2015-11-03,None,OFF-TRAIL,10,,Bushnell Trophy Cam HD,38,Parallel,,,,,kkl028,83,ST 18 E 20,
OFP,177,161,Kerangas,-1.22907,110.10375,2015-08-12,2016-01-30,None,ON-TRAIL,10,,Bushnell Trophy Cam HD,40,Parallel,,,,,kkl029,171,BK 12.45,
OFP,177,323,Kerangas,-1.22907,110.10375,2017-12-24,2018-05-02,None,ON-TRAIL,10,,Bushnell Trophy Cam HD,40,Parallel,,,,,kkl067,129,BK 12.45,
OFP,177,422,Kerangas,-1.22907,110.10375,2019-02-02,2020-02-25,None,ON-TRAIL,10,,Bushnell Trophy Cam HD,40,Parallel,,,,,kkl077,388,BK 12.45,"ajm(2021-11-03)- deleted placement 486, there is complete overlap with 422, and cameras listed as kkl077 and kkl014 for the full time (multiple on each day), but no evidence that there were, in fact, two cameras active then. Am collapsing into a single placement at this location."
OFP,178,162,Kerangas,-1.22909,110.10467,2016-01-30,2016-10-05,None,ON-TRAIL,10,,Bushnell Trophy Cam HD,45,Parallel,,,,,kkl029,249,BK 10.30,
OFP,178,362,Kerangas,-1.22909,110.10467,2018-05-02,2018-09-27,None,ON-TRAIL,10,,Bushnell Trophy Cam HD,45,Parallel,,,,,kkl077,148,BK 10.30,
OFP,178,495,Kerangas,-1.22909,110.10467,2020-02-25,2020-05-05,None,ON-TRAIL,10,,Bushnell Trophy Cam HD,45,Parallel,,,,,kkl077,70,BK 10.30,
OFP,179,163,Freshwater Swamp,-1.22369,110.09772,2015-08-12,2015-12-26,None,ON-TRAIL,10,,Bushnell Trophy Cam HD,49,Parallel,,,,,kkl030,153,RS 22.3,ajm (2021-11-04)- fixed end date
OFP,179,164,Freshwater Swamp,-1.22369,110.09772,2016-01-12,2016-02-05,None,ON-TRAIL,10,,Bushnell Trophy Cam HD,49,Parallel,,,,,kkl036,24,RS 22.3,
OFP,179,498,Freshwater Swamp,-1.22369,110.09772,2020-02-13,2020-05-03,None,ON-TRAIL,10,,Bushnell Trophy Cam HD,49,Parallel,,,,,OFP087,80,RS 22.30,
OFP,180,165,Lowland Sandstone,-1.21284,110.11249,2016-02-24,2016-04-27,None,ON-TRAIL,10,,Bushnell Trophy Cam HD,52,Parallel,,,,,kkl030,111,PB 12.35,ajm (2021-11-04)- fixed end date
OFP,180,208,Lowland Sandstone,-1.21284,110.11249,2016-06-14,2016-09-14,None,ON-TRAIL,10,,Bushnell Trophy Cam HD,41,Parallel,,,,,kkl037,115,PB 12.35,ajm (2021-11-04)- fixed end date
OFP,181,166,Freshwater Swamp,-1.22639,110.09879,2016-02-05,2016-10-08,None,ON-TRAIL,10,,Bushnell Trophy Cam HD,49,Parallel,,,,,kkl036,246,RS 29.15,
OFP,181,390,Freshwater Swamp,-1.22639,110.09879,2018-09-29,2018-11-06,None,ON-TRAIL,10,,Bushnell Trophy Cam HD,49,Parallel,,,,,kkl070,7,RS 29.15,
OFP,182,169,Peat Swamp,-1.21021,110.0858,2016-03-08,2016-03-25,None,ON-TRAIL,10,,Bushnell Trophy Cam HD,38,Parallel,,,,,kkl032,35,IF 46.05,ajm (2021-11-04)- fixed end date
OFP,182,207,Peat Swamp,-1.21021,110.0858,2016-04-12,2016-10-25,None,ON-TRAIL,10,,Bushnell Trophy Cam HD,38,Parallel,,,,,kkl033,196,IF 46.05,
OFP,182,443,Peat Swamp,-1.21021,110.0858,2019-03-14,2019-08-29,None,ON-TRAIL,10,,Bushnell Trophy Cam HD,38,Parallel,,,,,kkl063,168,IF 46.05,
OFP,183,213,Alluvial Bench,-1.218617,110.104927,2016-01-31,2016-05-27,None,ON-TRAIL,10,,Bushnell Trophy Cam HD,70,Parallel,,,,,kkl012,117,MT 2.10,
OFP,184,215,Alluvial Bench,-1.22505,110.10629,2016-10-04,2017-05-18,None,ON-TRAIL,10,,Bushnell Trophy Cam HD,25,Parallel,,,,,kkl005,226,DT 1.42,
OFP,184,436,Alluvial Bench,-1.22505,110.10629,2019-01-31,2019-05-26,None,ON-TRAIL,10,,Bushnell Trophy Cam HD,25,Parallel,,,,,OFP088,115,DT 1.42,
OFP,185,214,Kerangas,-1.22727,110.10414,2016-10-04,2017-05-18,None,ON-TRAIL,10,,Bushnell Trophy Cam HD,35,Parallel,,,,,kkl039,226,DA 2,
OFP,185,493,Kerangas,-1.22727,110.10414,2020-02-25,2020-04-07,None,ON-TRAIL,10,,Bushnell Trophy Cam HD,35,Parallel,,,,,kkl071,42,DA 2.00,
OFP,186,216,Kerangas,-1.2294,110.10316,2016-10-05,2017-05-18,None,ON-TRAIL,10,,Bushnell Trophy Cam HD,36,Parallel,,,,,kkl029,225,SP 34.40,
OFP,186,389,Kerangas,-1.2294,110.10316,2018-09-27,2019-01-31,None,ON-TRAIL,10,,Bushnell Trophy Cam HD,36,Parallel,,,,,kkl067,126,SP 34.40,
OFP,187,217,Lowland Sandstone,-1.23053,110.1068,2016-10-05,2016-12-08,None,ON-TRAIL,10,,Bushnell Trophy Cam HD,40,Parallel,,,,,kkl027,64,DL 0.35,
OFP,187,250,Lowland Sandstone,-1.23053,110.1068,2017-01-04,2017-05-18,None,ON-TRAIL,10,,Bushnell Trophy Cam HD,40,Parallel,,,,,kkl014,134,DL 0.35,
OFP,187,404,Lowland Sandstone,-1.23053,110.1068,2018-09-27,2019-02-02,None,ON-TRAIL,10,,Bushnell Trophy Cam HD,40,Parallel,,,,,kkl005,128,DL 0.35,
OFP,187,518,Lowland Sandstone,-1.23053,110.1068,2020-02-25,2020-04-27,None,ON-TRAIL,10,,Bushnell Trophy Cam HD,40,Parallel,,,,,OFP093,62,DL 0.35,
OFP,188,218,Lowland Sandstone,-1.22211,110.1093,2016-10-05,2017-05-28,None,ON-TRAIL,10,,Bushnell Trophy Cam HD,38,Parallel,,,,,kkl028,235,AT 3,
OFP,188,473,Lowland Sandstone,-1.22211,110.1093,2019-10-19,2020-03-02,None,ON-TRAIL,10,,Bushnell Trophy Cam HD,38,Parallel,,,,,OFP101,135,AT 3.00,
OFP,189,219,Alluvial Bench,-1.21474,110.10391,2016-10-05,2017-05-27,None,ON-TRAIL,10,,Bushnell Trophy Cam HD,48,Parallel,,,,,kkl043,209,FK 1.45,
OFP,190,222,Freshwater Swamp,-1.21354,110.10599,2016-10-07,2017-06-09,None,ON-TRAIL,10,,Bushnell Trophy Cam HD,46,Parallel,,,,,kkl004,245,RB 0,
OFP,190,380,Freshwater Swamp,-1.21354,110.10599,2018-06-01,2018-11-26,None,ON-TRAIL,10,,Bushnell Trophy Cam HD,47,Parallel,,,,,kkl062,178,RB 0,
OFP,191,223,Freshwater Swamp,-1.20721,110.10515,2016-10-07,2017-02-19,None,ON-TRAIL,10,,Bushnell Trophy Cam HD,42,Parallel,,,,,kkl019,178,DS 4.40,ajm (2021-11-04)- fixed end date
OFP,191,251,Freshwater Swamp,-1.20721,110.10515,2017-04-03,2017-05-15,None,ON-TRAIL,10,,Bushnell Trophy Cam HD,70,Parallel,,,,,kkl046,43,DS 4.40,ajm (2021-11-04)- fixed end date
OFP,191,369,Freshwater Swamp,-1.20721,110.10515,2018-05-03,2018-10-09,None,ON-TRAIL,10,,Bushnell Trophy Cam HD,41,Parallel,,,,,kkl023,159,DS 4.40,
OFP,192,224,Alluvial Bench,-1.21025,110.10792,2016-10-07,2017-05-16,None,ON-TRAIL,10,,Bushnell Trophy Cam HD,43,Parallel,,,,,kkl035,221,BM 8.21,
OFP,192,345,Alluvial Bench,-1.21025,110.10792,2017-12-25,2018-03-21,None,ON-TRAIL,10,,Bushnell Trophy Cam HD,41,Parallel,,,,,kkl074,86,BM 8.21,
OFP,192,536,Alluvial Bench,-1.21025,110.10792,2020-06-15,2020-07-20,None,ON-TRAIL,10,,Bushnell Trophy Cam HD,41,Parallel,,,,,OFP095,35,BM 8.21,
OFP,193,225,Lowland Sandstone,-1.21281,110.10916,2016-10-07,2017-05-27,None,ON-TRAIL,10,,Bushnell Trophy Cam HD,63,Parallel,,,,,kkl037,232,CK 4.42,
OFP,193,367,Lowland Sandstone,-1.21281,110.10916,2018-05-22,2018-08-31,None,ON-TRAIL,10,,Bushnell Trophy Cam HD,41,Parallel,,,,,kkl016,101,CK 4.42,
OFP,193,549,Lowland Sandstone,-1.21281,110.10916,2020-08-19,2020-09-28,None,ON-TRAIL,10,,Bushnell Trophy Cam HD,41,Parallel,,,,,OFP103,40,CK 4.42,
OFP,194,226,Lowland Sandstone,-1.21856,110.1099,2016-10-07,2017-05-24,None,ON-TRAIL,10,,Bushnell Trophy Cam HD,38,Parallel,,,,,kkl002,229,BC 12.40,
OFP,194,394,Lowland Sandstone,-1.21856,110.1099,2018-12-27,2019-03-24,None,ON-TRAIL,10,,Bushnell Trophy Cam HD,38,Parallel,,,,,kkl052,87,BC 12.40,
OFP,194,470,Lowland Sandstone,-1.21856,110.1099,2019-09-16,2020-02-28,None,ON-TRAIL,10,,Bushnell Trophy Cam HD,38,Parallel,,,,,OFP096,165,BC 12.40,
OFP,195,227,Freshwater Swamp,-1.22839,110.09978,2016-10-08,2016-11-18,None,ON-TRAIL,10,,Bushnell Trophy Cam HD,40,Parallel,,,,,kkl006,111,ST 32.20,ajm (2021-11-03)-fixed end date
OFP,195,249,Freshwater Swamp,-1.22839,110.09978,2017-01-06,2017-05-26,None,ON-TRAIL,10,,Bushnell Trophy Cam HD,40,Parallel,,,,,kkl009,139,ST 32.20,ajm (2021-11-03)- fixed start date
OFP,195,554,Freshwater Swamp,-1.22839,110.09978,2018-09-29,2018-10-26,None,ON-TRAIL,10,,Bushnell Trophy Cam HD,40,Parallel,,,,,kkl014,27,ST 32.20,
OFP,195,555,Freshwater Swamp,-1.22839,110.09978,2019-04-11,2019-05-05,None,ON-TRAIL,10,,Bushnell Trophy Cam HD,40,Parallel,,,,,kkl014,24,ST 32.20,
OFP,195,556,Freshwater Swamp,-1.22839,110.09978,2019-07-29,2019-08-05,None,ON-TRAIL,10,,Bushnell Trophy Cam HD,40,Parallel,,,,,kkl014,12,ST 32.20,ajm (2021-11-03) fixed end date
OFP,196,228,Freshwater Swamp,-1.22937,110.09727,2016-10-08,2017-05-17,None,ON-TRAIL,10,,Bushnell Trophy Cam HD,39,Parallel,,,,,kkl036,221,RS 38.38,
OFP,196,324,Freshwater Swamp,-1.22937,110.09727,2017-12-24,2018-07-18,None,ON-TRAIL,10,,Bushnell Trophy Cam HD,50,Parallel,,,,,kkl070,206,RS 38.38,
OFP,197,229,Upland Granite,-1.22669,110.12268,2016-10-10,2017-05-28,None,ON-TRAIL,10,,Bushnell Trophy Cam HD,36,Parallel,,,,,kkl022,230,NB 15.20,
OFP,197,327,Upland Granite,-1.22669,110.12268,2017-12-23,2018-04-04,None,ON-TRAIL,10,,Bushnell Trophy Cam HD,41,Parallel,,,,,kkl037,102,NB 15.20,
OFP,198,230,Montane,-1.23008,110.13797,2016-10-10,2017-05-25,None,ON-TRAIL,10,,Bushnell Trophy Cam HD,37,Parallel,,,,,kkl031,227,JJ 4.40,
OFP,198,396,Montane,-1.23008,110.13797,2018-10-09,2018-11-12,None,ON-TRAIL,10,,Bushnell Trophy Cam HD,37,Parallel,,,,,kkl034,8,JJ 4.40,
OFP,198,505,Montane,-1.23008,110.13797,2020-02-09,2020-05-23,None,ON-TRAIL,10,,Bushnell Trophy Cam HD,37,Parallel,,,,,OFP110,104,JJ 4.40,
OFP,199,232,Upland Granite,-1.22895,110.11899,2016-10-10,2017-06-03,None,ON-TRAIL,10,,Bushnell Trophy Cam HD,30,Parallel,,,,,kkl038,17,UB 38,"ajm (2021-11-03)- fixed end date, deleted placement 244, which completely overlapped this with the same camera (note, for this and others, the number of active days will therefore be off for this row, for here and eslewhere, need to calculate"
OFP,199,397,Upland Granite,-1.22895,110.11899,2018-10-11,2019-02-17,None,ON-TRAIL,10,,Bushnell Trophy Cam HD,40,Parallel,,,,,kkl038,129,UB 38,
OFP,200,233,Lowland Granite,-1.22688,110.11605,2016-10-10,2017-05-20,None,ON-TRAIL,10,,Bushnell Trophy Cam HD,30,Parallel,,,,,kkl026,222,UB 24.30,
OFP,201,234,Lowland Granite,-1.23045,110.11352,2016-10-11,2017-06-08,None,ON-TRAIL,10,,Bushnell Trophy Cam HD,39,Parallel,,,,,kkl024,240,HB 10,
OFP,202,235,Lowland Sandstone,-1.232,110.10819,2016-10-11,2017-05-19,None,ON-TRAIL,10,,Bushnell Trophy Cam HD,42,Parallel,,,,,kkl021,220,DP 4.30,
OFP,202,447,Lowland Sandstone,-1.232,110.10819,2019-05-20,2019-07-20,None,ON-TRAIL,10,,Bushnell Trophy Cam HD,42,Parallel,,,,,kkl024,61,DP 4.30,
OFP,203,236,Upland Granite,-1.21488,110.12775,2016-10-19,2017-05-19,None,ON-TRAIL,10,,Bushnell Trophy Cam HD,60,Parallel,,,,,kkl007,212,FS 11.44,
OFP,203,481,Upland Granite,-1.21488,110.12775,2019-11-22,2020-01-15,None,ON-TRAIL,10,,Bushnell Trophy Cam HD,60,Parallel,,,,,kkl080,54,FS 11.44,
OFP,203,512,Upland Granite,-1.21488,110.12775,2018-01-08,2018-05-04,None,ON-TRAIL,10,,Bushnell Trophy Cam HD,60,Parallel,,,,,kkl007,116,FS 11.44,
OFP,204,237,Lowland Granite,-1.21508,110.11685,2016-10-20,2017-05-19,None,ON-TRAIL,10,,Bushnell Trophy Cam HD,38,Parallel,,,,,kkl015,211,ML 12.25,
OFP,204,540,Lowland Granite,-1.21508,110.11685,2020-06-06,2020-07-25,None,ON-TRAIL,10,,Bushnell Trophy Cam HD,38,Parallel,,,,,OFP102,49,ML 12.25,
OFP,205,238,Peat Swamp,-1.20591,110.09202,2016-10-25,2017-05-22,None,ON-TRAIL,10,,Bushnell Trophy Cam HD,35,Parallel,,,,,kkl033,209,TZ 12.30,
OFP,205,381,Peat Swamp,-1.20591,110.09202,2018-05-11,2018-10-10,None,ON-TRAIL,10,,Bushnell Trophy Cam HD,48,Parallel,,,,,kkl063,152,TZ 12.30,
OFP,206,239,Peat Swamp,-1.20648,110.09936,2016-10-25,2017-06-04,None,ON-TRAIL,10,,Bushnell Trophy Cam HD,45,Parallel,,,,,kkl011,222,KP 21.30,
OFP,207,240,Lowland Granite,-1.21183,110.1166,2016-10-25,2017-05-20,None,ON-TRAIL,10,,Bushnell Trophy Cam HD,52,Parallel,,,,,kkl016,207,GP 41.30,
OFP,207,504,Lowland Granite,-1.21183,110.1166,2020-02-11,2020-06-17,None,ON-TRAIL,10,,Bushnell Trophy Cam HD,52,Parallel,,,,,OFP105,127,GP 41.30,
OFP,208,241,Montane,-1.20949,110.1329,2016-10-26,2017-05-23,None,ON-TRAIL,10,,Bushnell Trophy Cam HD,45,Parallel,,,,,kkl040,15,GP 83.10,"ajm (2021-11-03)- fixed dates, deleted placements 246, 248 as these completely overlapped 241"
OFP,208,453,Montane,-1.20949,110.1329,2019-07-23,2019-10-10,None,ON-TRAIL,10,,Bushnell Trophy Cam HD,42,Parallel,,,,,OFP090,79,GP 83.10,
OFP,209,242,Montane,-1.21057,110.13915,2016-10-26,2017-04-24,None,ON-TRAIL,10,,Bushnell Trophy Cam HD,45,Parallel,,,,,kkl042,14,GP 100.40,"ajm (2021-11-03)- fixed dates, deleted placements 245, 247 as these completely overlapped 242"
OFP,209,432,Montane,-1.21057,110.13915,2018-12-25,2019-03-11,None,ON-TRAIL,10,,Bushnell Trophy Cam HD,40,Parallel,,,,,kkl076,76,GP 100.40,
OFP,209,516,Montane,-1.21057,110.13915,2020-04-10,2020-04-12,None,ON-TRAIL,10,,Bushnell Trophy Cam HD,40,Parallel,,,,,kkl076,2,GP 100.40,ajm (2021-11-03)- fixed end date
OFP,210,243,Upland Granite,-1.21087,110.12183,2016-10-26,2017-05-16,None,ON-TRAIL,10,,Bushnell Trophy Cam HD,42,Parallel,,,,,kkl008,202,GP 56.25,
OFP,210,510,Upland Granite,-1.21087,110.12183,2017-12-26,2018-05-01,None,ON-TRAIL,10,,Bushnell Trophy Cam HD,42,Parallel,,,,,kkl008,126,GP 56.25,
OFP,211,231,Montane,-1.23033,110.13632,2016-10-10,2017-05-25,None,ON-TRAIL,10,,Bushnell Trophy Cam HD,38,Parallel,,,,,kkl034,227,UB 77.15,
OFP,212,252,Alluvial Bench,-1.2094,110.10841,2017-05-16,2017-09-01,None,ON-TRAIL,10,,Bushnell Trophy Cam HD,42,Parallel,,,,,kkl046,108,BM 10.40,
OFP,212,306,Alluvial Bench,-1.2094,110.10841,2017-10-17,2017-12-25,None,ON-TRAIL,10,,Bushnell Trophy Cam HD,42,Parallel,,,,,kkl074,69,BM 10.40,
OFP,212,519,Alluvial Bench,-1.2094,110.10841,2020-04-04,2020-06-15,None,ON-TRAIL,10,,Bushnell Trophy Cam HD,42,Parallel,,,,,OFP095,72,BM 10.40,
OFP,213,253,Freshwater Swamp,-1.22702,110.09763,2017-05-17,2017-06-12,None,ON-TRAIL,10,,Bushnell Trophy Cam HD,35,Parallel,,,,,kkl036,17,RS 32.30,
OFP,213,279,Freshwater Swamp,-1.22702,110.09763,2017-07-27,2017-11-13,None,ON-TRAIL,10,,Bushnell Trophy Cam HD,35,Parallel,,,,,kkl027,109,RS 32.30,
OFP,214,254,Freshwater Swamp,-1.21819,110.09994,2017-05-17,2017-09-22,None,ON-TRAIL,10,,Bushnell Trophy Cam HD,40,Parallel,,,,,kkl035,128,TR 9,
OFP,214,484,Freshwater Swamp,-1.21819,110.09994,2019-11-20,2020-02-18,None,ON-TRAIL,10,,Bushnell Trophy Cam HD,40,Parallel,,,,,OFP086,90,TR 9,
OFP,214,531,Freshwater Swamp,-1.21819,110.09994,2020-06-13,2020-07-03,None,ON-TRAIL,10,,Bushnell Trophy Cam HD,40,Parallel,,,,,OFP086,20,TR 9,
OFP,215,255,Alluvial Bench,-1.23198,110.10516,2017-05-18,2018-05-02,None,ON-TRAIL,10,,Bushnell Trophy Cam HD,40,Parallel,,,,,kkl005,349,BS 0.15,
OFP,216,256,Kerangas,-1.22922,110.10459,2017-05-18,2017-08-15,None,ON-TRAIL,10,,Bushnell Trophy Cam HD,42,Parallel,,,,,kkl014,89,CH 14.05,
OFP,216,281,Kerangas,-1.22922,110.10459,2017-08-28,2017-12-31,None,ON-TRAIL,10,,Bushnell Trophy Cam HD,42,Parallel,,,,,kkl023,125,CH 14.05,
OFP,216,348,Kerangas,-1.22922,110.10459,2018-01-29,2018-05-02,None,ON-TRAIL,10,,Bushnell Trophy Cam HD,37,Parallel,,,,,kkl077,93,CH 14.05,
OFP,216,411,Kerangas,-1.22922,110.10459,2018-12-18,2019-04-29,None,ON-TRAIL,10,,Bushnell Trophy Cam HD,37,Parallel,,,,,kkl077,132,CH 14.05,
OFP,217,257,Kerangas,-1.22796,110.10457,2017-05-18,2017-08-28,None,ON-TRAIL,10,,Bushnell Trophy Cam HD,70,Parallel,,,,,kkl039,102,CH 11.05,
OFP,217,308,Kerangas,-1.22796,110.10457,2017-10-05,2017-11-04,None,ON-TRAIL,10,,Bushnell Trophy Cam HD,70,Parallel,,,,,kkl044,30,CH 11.05,
OFP,217,529,Kerangas,-1.22796,110.10457,2020-06-10,2020-09-24,None,ON-TRAIL,10,,Bushnell Trophy Cam HD,70,Parallel,,,,,kkl077,106,CH 11.05,
OFP,218,258,Alluvial Bench,-1.22446,110.10305,2017-05-18,2017-08-14,None,ON-TRAIL,10,,Bushnell Trophy Cam HD,45,Parallel,,,,,kkl029,88,SP 24,
OFP,218,301,Alluvial Bench,-1.22446,110.10305,2017-09-16,2017-11-18,None,ON-TRAIL,10,,Bushnell Trophy Cam HD,41,Parallel,,,,,kkl069,63,SP 24,
OFP,218,393,Alluvial Bench,-1.22446,110.10305,2018-09-27,2018-11-07,None,ON-TRAIL,10,,Bushnell Trophy Cam HD,41,Parallel,,,,,kkl050,41,SP 24,
OFP,218,454,Alluvial Bench,-1.22446,110.10305,2019-10-19,2019-11-25,None,ON-TRAIL,10,,Bushnell Trophy Cam HD,41,Parallel,,,,,kkl001,37,SP 24.00,
OFP,219,259,Upland Granite,-1.21211,110.12435,2017-05-16,2017-11-14,None,ON-TRAIL,10,,Bushnell Trophy Cam HD,30,Parallel,,,,,kkl008,182,TK 22.25,
OFP,219,403,Upland Granite,-1.21211,110.12435,2018-10-16,2019-02-20,None,ON-TRAIL,10,,Bushnell Trophy Cam HD,30,Parallel,,,,,kkl008,127,TK 22.25,
OFP,219,423,Upland Granite,-1.21211,110.12435,2019-03-07,2019-03-10,None,ON-TRAIL,10,,Bushnell Trophy Cam HD,30,Parallel,,,,,kkl007,3,TK 22.25,
OFP,219,544,Upland Granite,-1.21211,110.12435,2020-06-06,2020-09-21,None,ON-TRAIL,10,,Bushnell Trophy Cam HD,30,Parallel,,,,,OFP106,107,TK 22.25,
OFP,220,260,Montane,-1.20972,110.13365,2017-05-16,2018-01-17,None,ON-TRAIL,10,,Bushnell Trophy Cam HD,45,Parallel,,,,,kkl040,246,GP 86.08,
OFP,220,466,Montane,-1.20972,110.13365,2019-10-10,2020-02-09,None,ON-TRAIL,10,,Bushnell Trophy Cam HD,45,Parallel,,,,,OFP090,122,GP 86.08,
OFP,221,261,Upland Granite,-1.21528,110.13099,2017-05-19,2018-01-08,None,ON-TRAIL,10,,Bushnell Trophy Cam HD,40,Parallel,,,,,kkl007,234,FS 20,
OFP,221,405,Upland Granite,-1.21528,110.13099,2018-12-20,2019-02-27,None,ON-TRAIL,10,,Bushnell Trophy Cam HD,40,Parallel,,,,,kkl007,69,FS 20,
OFP,222,262,Lowland Granite,-1.21815,110.11421,2017-05-19,2018-05-31,None,ON-TRAIL,10,,Bushnell Trophy Cam HD,37,Parallel,,,,,kkl015,377,GP 24.31,
OFP,222,455,Lowland Granite,-1.21815,110.11421,2019-10-06,2019-11-06,None,ON-TRAIL,10,,Bushnell Trophy Cam HD,37,Parallel,,,,,kkl014,31,GP 24.31,
OFP,222,477,Lowland Granite,-1.21815,110.11421,2019-11-24,2020-01-23,None,ON-TRAIL,10,,Bushnell Trophy Cam HD,37,Parallel,,,,,OFP102,60,GP 24.31,
OFP,222,522,Lowland Granite,-1.21815,110.11421,2020-03-27,2020-06-05,None,ON-TRAIL,10,,Bushnell Trophy Cam HD,37,Parallel,,,,,OFP102,70,GP 24.31,
OFP,223,263,Lowland Granite,-1.22255,110.11338,2017-05-20,2018-04-30,None,ON-TRAIL,10,,Bushnell Trophy Cam HD,37,Parallel,,,,,kkl026,345,UB 13.40,
OFP,224,264,Lowland Sandstone,-1.23021,110.1106,2017-05-19,2017-11-10,None,ON-TRAIL,10,,Bushnell Trophy Cam HD,60,Parallel,,,,,kkl021,175,SI 21.08,
OFP,224,401,Lowland Sandstone,-1.23021,110.1106,2018-10-11,2019-03-14,None,ON-TRAIL,10,,Bushnell Trophy Cam HD,60,Parallel,,,,,kkl021,154,SI 21.08,
OFP,224,533,Lowland Sandstone,-1.23021,110.1106,2020-06-20,2020-09-25,None,ON-TRAIL,10,,Bushnell Trophy Cam HD,60,Parallel,,,,,OFP089,97,SI 21.08,
OFP,225,265,Lowland Granite,-1.20605,110.11582,2017-05-20,2017-12-29,None,ON-TRAIL,10,,Bushnell Trophy Cam HD,60,Parallel,,,,,kkl016,223,TL 26.10,
OFP,225,412,Lowland Granite,-1.20605,110.11582,2018-12-21,2019-01-16,None,ON-TRAIL,10,,Bushnell Trophy Cam HD,60,Parallel,,,,,kkl080,26,TL 26.10,
OFP,226,266,Peat Swamp,-1.21004,110.09153,2017-05-22,2017-09-26,None,ON-TRAIL,10,,Bushnell Trophy Cam HD,41,Parallel,,,,,kkl033,127,IF 32.03,"ajm (camera 063 listed as last few days, but this seems a single placement)"
OFP,226,309,Peat Swamp,-1.21004,110.09153,2017-10-04,2018-05-11,None,ON-TRAIL,10,,Bushnell Trophy Cam HD,42,Parallel,,,,,kkl063,227,IF 32.03,
OFP,226,475,Peat Swamp,-1.21004,110.09153,2019-10-12,2019-11-27,None,ON-TRAIL,10,,Bushnell Trophy Cam HD,42,Parallel,,,,,OFP099,46,IF 32.03,
OFP,227,267,Lowland Sandstone,-1.2198,110.10908,2017-07-07,2018-05-30,None,ON-TRAIL,10,,Bushnell Trophy Cam HD,40,Parallel,,,,,kkl019,327,GP 12.24,
OFP,227,487,Lowland Sandstone,-1.2198,110.10908,2020-03-05,2020-06-14,None,ON-TRAIL,10,,Bushnell Trophy Cam HD,40,Parallel,,,,,kkl014,7,GP 12.24,"ajm (2021-11-03) fixed end date, removed placement 503 as it completely overlapped 487"
OFP,228,268,Montane,-1.21232,110.14107,2017-05-25,2017-06-04,None,ON-TRAIL,10,,Bushnell Trophy Cam HD,45,Parallel,,,,,kkl042,10,GP 106.40,
OFP,228,317,Montane,-1.21232,110.14107,2017-11-06,2018-01-09,None,ON-TRAIL,10,,Bushnell Trophy Cam HD,38,Parallel,,,,,kkl076,64,GP 106.40,
OFP,229,269,Upland Granite,-1.22965,110.13408,2017-05-25,2017-11-06,None,ON-TRAIL,10,,Bushnell Trophy Cam HD,42,Parallel,,,,,kkl034,165,UB 72.05,
OFP,230,270,Montane,-1.23236,110.1416,2017-05-25,2017-12-24,None,ON-TRAIL,10,,Bushnell Trophy Cam HD,40,Parallel,,,,,kkl031,213,UB 91.20,
OFP,230,425,Montane,-1.23236,110.1416,2019-03-18,2019-08-01,None,ON-TRAIL,10,,Bushnell Trophy Cam HD,40,Parallel,,,,,kkl021,136,UB 91.20,
OFP,231,271,Freshwater Swamp,-1.23191,110.10147,2017-05-26,2017-07-15,None,ON-TRAIL,10,,Bushnell Trophy Cam HD,40,Parallel,,,,,kkl009,50,BS 8.44,
OFP,231,302,Freshwater Swamp,-1.23191,110.10147,2017-09-16,2017-12-24,None,ON-TRAIL,10,,Bushnell Trophy Cam HD,40,Parallel,,,,,kkl070,99,BS 8.44,
OFP,232,272,Alluvial Bench,-1.21353,110.10411,2017-05-27,2017-08-23,None,ON-TRAIL,10,,Bushnell Trophy Cam HD,40,Parallel,,,,,kkl043,88,RB 4.40,
OFP,232,305,Alluvial Bench,-1.21353,110.10411,2017-10-17,2017-12-25,None,ON-TRAIL,10,,Bushnell Trophy Cam HD,40,Parallel,,,,,kkl075,69,RB 4.40,
OFP,232,378,Alluvial Bench,-1.21353,110.10411,2018-06-01,2018-08-12,None,ON-TRAIL,10,,Bushnell Trophy Cam HD,45,Parallel,,,,,kkl060,72,RB 4.40,
OFP,232,494,Alluvial Bench,-1.21353,110.10411,2020-02-24,2020-06-05,None,ON-TRAIL,10,,Bushnell Trophy Cam HD,45,Parallel,,,,,kkl075,31,RB 4.40,"ajm (2021-11-03) fixed end date, removed placement 520 as it completely overlapped 494 (cameras kkl075 and ofp997 overlapping for many days, not clear it was two different cameras)"
OFP,233,273,Lowland Sandstone,-1.2273,110.10926,2017-05-28,2018-05-02,None,ON-TRAIL,10,,Bushnell Trophy Cam HD,40,Parallel,,,,,kkl028,339,AT 16.15,
OFP,234,274,Peat Swamp,-1.20626,110.09629,2017-06-04,2017-07-24,None,ON-TRAIL,10,,Bushnell Trophy Cam HD,27,Parallel,,,,,kkl011,50,TZ 3.35,
OFP,234,307,Peat Swamp,-1.20626,110.09629,2017-08-26,2017-11-25,None,ON-TRAIL,10,,Bushnell Trophy Cam HD,42,Parallel,,,,,kkl029,91,TZ 3.35,
OFP,234,439,Peat Swamp,-1.20626,110.09629,2019-04-10,2019-12-05,None,ON-TRAIL,10,,Bushnell Trophy Cam HD,42,Parallel,,,,,kkl029,239,TZ 3.35,
OFP,235,275,Lowland Granite,-1.23191,110.11232,2017-06-08,2017-11-28,None,ON-TRAIL,10,,Bushnell Trophy Cam HD,48,Parallel,,,,,kkl024,173,HB 5.05,
OFP,235,511,Lowland Granite,-1.23191,110.11232,2018-02-12,2018-05-09,None,ON-TRAIL,10,,Bushnell Trophy Cam HD,48,Parallel,,,,,kkl024,86,HB 5.05,
OFP,236,276,Freshwater Swamp,-1.21605,110.0973,2017-06-10,2017-11-09,None,ON-TRAIL,10,,Bushnell Trophy Cam HD,38,Parallel,,,,,kkl045,152,RS 5.10,
OFP,236,469,Freshwater Swamp,-1.21605,110.0973,2019-09-16,2019-11-12,None,ON-TRAIL,10,,Bushnell Trophy Cam HD,38,Parallel,,,,,OFP095,57,RS 5.10,
OFP,237,277,Upland Granite,-1.22854,110.12444,2017-06-12,2018-01-17,None,ON-TRAIL,10,,Bushnell Trophy Cam HD,45,Parallel,,,,,kkl038,219,UB 50.03,
OFP,237,427,Upland Granite,-1.22854,110.12444,2019-02-18,2019-10-05,None,ON-TRAIL,10,,Bushnell Trophy Cam HD,45,Parallel,,,,,kkl038,229,UB 50.03,
OFP,237,501,Upland Granite,-1.22854,110.12444,2020-02-09,2020-06-13,None,ON-TRAIL,10,,Bushnell Trophy Cam HD,45,Parallel,,,,,OFP098,125,UB 50.03,
OFP,238,278,Montane,-1.23092,110.13931,2017-05-28,2017-09-30,None,ON-TRAIL,10,,Bushnell Trophy Cam HD,28,Parallel,,,,,kkl022,110,MS 16.40,
OFP,238,496,Montane,-1.23092,110.13931,2020-03-04,2020-06-10,None,ON-TRAIL,10,,Bushnell Trophy Cam HD,40,Parallel,,,,,OFP084,98,MS 16.40,
OFP,243,280,Lowland Sandstone,-1.2168,110.11244,2017-06-09,2017-11-05,None,ON-TRAIL,10,,Bushnell Trophy Cam HD,50,Parallel,,,,,kkl037,131,AY 3,
OFP,243,445,Lowland Sandstone,-1.2168,110.11244,2019-03-25,2019-08-24,None,ON-TRAIL,10,,Bushnell Trophy Cam HD,50,Parallel,,,,,kkl075,152,AY 3,
OFP,243,478,Lowland Sandstone,-1.2168,110.11244,2019-11-25,2020-02-14,None,ON-TRAIL,10,,Bushnell Trophy Cam HD,50,Parallel,,,,,OFP103,81,AY 3,
OFP,244,287,Logged Alluvial Bench,-1.27742,110.10647,2017-08-18,2018-03-03,None,OFF-TRAIL,10,,Bushnell Trophy Cam HD,52,Parallel,,,,,kkl047,197,LD 10 E 75,
OFP,245,286,Logged Alluvial Bench,-1.26616,110.11059,2017-08-17,2018-01-07,None,OFF-TRAIL,10,,Bushnell Trophy Cam HD,41,Parallel,,,,,kkl048,143,RK 7.30 W 52,
OFP,246,285,Logged Alluvial Bench,-1.27737,110.10583,2017-08-18,2018-01-14,None,ON-TRAIL,10,,Bushnell Trophy Cam HD,41,Parallel,,,,,kkl049,149,LD 9.42,
OFP,246,433,Logged Alluvial Bench,-1.27737,110.10583,2019-02-24,2019-10-17,None,ON-TRAIL,10,,Bushnell Trophy Cam HD,41,Parallel,,,,,kkl079,235,LD 9.42,
OFP,246,480,Logged Alluvial Bench,-1.27737,110.10583,2019-12-03,2020-02-07,None,ON-TRAIL,10,,Bushnell Trophy Cam HD,41,Parallel,,,,,kkl079,66,LD 9.42,
OFP,247,284,Alluvial Bench,-1.22447,110.10266,2017-08-18,2017-11-13,None,OFF-TRAIL,10,,Bushnell Trophy Cam HD,37,Parallel,,,,,kkl050,87,SP 24 W 44,
OFP,248,283,Lowland Sandstone,-1.22709,110.1089,2017-08-18,2017-11-18,None,OFF-TRAIL,10,,Bushnell Trophy Cam HD,37,Parallel,,,,,kkl051,92,AT 16.15 W 46,
OFP,249,282,Lowland Sandstone,-1.22002,110.1096,2017-08-18,2018-06-02,None,OFF-TRAIL,10,,Bushnell Trophy Cam HD,37,Parallel,,,,,kkl052,257,UB 0.43 E 44,
OFP,250,289,Freshwater Swamp,-1.21302,110.10629,2017-08-19,2017-11-16,None,OFF-TRAIL,10,,Bushnell Trophy Cam HD,42,Parallel,,,,,kkl053,89,BM 0.30 W 20,
OFP,251,290,Alluvial Bench,-1.22636,110.10559,2017-08-19,2017-11-19,None,ON-TRAIL,10,,Bushnell Trophy Cam HD,42,Parallel,,,,,kkl055,92,DT 5.05,
OFP,251,451,Alluvial Bench,-1.22636,110.10559,2019-09-22,2019-10-15,None,ON-TRAIL,10,,Bushnell Trophy Cam HD,42,Parallel,,,,,OFP081,23,DT 5.05,
OFP,251,483,Alluvial Bench,-1.22636,110.10559,2019-12-06,2019-12-30,None,ON-TRAIL,10,,Bushnell Trophy Cam HD,42,Parallel,,,,,OFP082,17,DT 5.05,
OFP,252,295,Montane,-1.21025,110.13363,2017-09-25,2017-12-21,None,OFF-TRAIL,10,,Bushnell Trophy Cam HD,40,Parallel,,,,,kkl056,87,GP 86.08 S 56,
OFP,253,294,Freshwater Swamp,-1.23242,110.10147,2017-09-15,2017-11-12,None,OFF-TRAIL,10,,Bushnell Trophy Cam HD,40,Parallel,,,,,kkl057,58,BS 8.45 S 55,
OFP,254,293,Lowland Granite,-1.22257,110.11395,2017-08-20,2017-11-19,None,OFF-TRAIL,10,,Bushnell Trophy Cam HD,40,Parallel,,,,,kkl058,91,UB 14 E 60,
OFP,255,288,Peat Swamp,-1.21042,110.09132,2017-08-19,2018-02-23,None,OFF-TRAIL,10,,Bushnell Trophy Cam HD,52,Parallel,,,,,kkl061,188,IF 32.24 S 42,
OFP,263,292,Lowland Granite,-1.21875,110.11395,2017-08-21,2017-11-21,None,ON-TRAIL,10,,Bushnell Trophy Cam HD,40,Parallel,,,,,kkl059,92,GP 24 S 48,
OFP,264,291,Freshwater Swamp,-1.21772,110.09993,2017-08-22,2017-11-19,None,OFF-TRAIL,10,,Bushnell Trophy Cam HD,41,Parallel,,,,,kkl060,89,TR 9 N 52,
OFP,268,296,Upland Granite,-1.22901,110.12447,2017-09-09,2018-01-17,None,OFF-TRAIL,10,,Bushnell Trophy Cam HD,41,Parallel,,,,,kkl062,130,UB 50.03 S 52,
OFP,269,297,Montane,-1.23272,110.14161,2017-09-09,2017-12-24,None,OFF-TRAIL,10,,Bushnell Trophy Cam HD,41,Parallel,,,,,kkl064,106,UB 91.20 S 40,
OFP,270,298,Alluvial Bench,-1.20936,110.10878,2017-09-11,2017-11-16,None,OFF-TRAIL,10,,Bushnell Trophy Cam HD,41,Parallel,,,,,kkl065,66,BM 10.40 E 40,
OFP,271,299,Kerangas,-1.22794,110.10503,2017-09-10,2017-11-13,None,OFF-TRAIL,10,,Bushnell Trophy Cam HD,41,Parallel,,,,,kkl067,64,CH 11.10 E 52,
OFP,272,300,Freshwater Swamp,-1.23613,110.09831,2017-09-12,2018-01-08,None,OFF-TRAIL,10,,Bushnell Trophy Cam HD,41,Parallel,,,,,kkl068,118,BR 12 N 50,
OFP,274,304,Upland Granite,-1.21257,110.12436,2017-09-17,2017-12-26,None,OFF-TRAIL,10,,Bushnell Trophy Cam HD,40,Parallel,,,,,kkl071,100,TK 22 S 52,
OFP,274,391,Upland Granite,-1.21257,110.12436,2018-10-16,2019-07-15,None,OFF-TRAIL,10,,Bushnell Trophy Cam HD,40,Parallel,,,,,kkl071,39,TK 22 S 52,
OFP,275,313,Montane,-1.20632,110.14097,2017-10-01,2017-11-07,None,OFF-TRAIL,10,,Bushnell Trophy Cam HD,41,Parallel,,,,,kkl001,2,AB 7.25 NW 44,
OFP,276,314,Montane,-1.21031,110.14067,2017-10-01,2017-10-26,None,OFF-TRAIL,10,,Bushnell Trophy Cam HD,41,Parallel,,,,,kkl011,25,PK 2 N 58,
OFP,277,311,Montane,-1.2066,110.14127,2017-10-01,2017-12-18,None,ON-TRAIL,10,,Bushnell Trophy Cam HD,45,Parallel,,,,,kkl072,78,AB 7.25,
OFP,278,312,Montane,-1.21083,110.14066,2017-10-01,2018-01-25,None,ON-TRAIL,10,,Bushnell Trophy Cam HD,41,Parallel,,,,,kkl073,116,PK 2,
OFP,279,318,Logged Alluvial Bench,-1.266158,110.111043,2017-09-24,2018-01-14,None,ON-TRAIL,10,,Bushnell Trophy Cam HD,38,Parallel,,,,,kkl002,112,RK 7.30,
OFP,286,310,Freshwater Swamp,-1.23659,110.09831,2017-09-12,2018-01-08,None,ON-TRAIL,10,,Bushnell Trophy Cam HD,45,Parallel,,,,,kkl066,118,BR 12,
OFP,286,476,Freshwater Swamp,-1.23659,110.09831,2019-11-24,2019-12-23,None,ON-TRAIL,10,,Bushnell Trophy Cam HD,45,Parallel,,,,,OFP100,29,BR 12,
OFP,286,545,Freshwater Swamp,-1.23659,110.09831,2020-06-23,2020-08-04,None,ON-TRAIL,10,,Bushnell Trophy Cam HD,45,Parallel,,,,,OFP108,42,BR 12,
OFP,287,449,Logged Alluvial Bench,-1.266152,110.111034,2019-08-24,2020-02-15,None,ON-TRAIL,10,,Bushnell Trophy Cam HD,40,Parallel,,,,,kkl048,175,RK 7.30 N 1,
OFP,288,322,Lowland Granite,-1.20806,110.11758,2017-12-29,2018-05-07,None,OFF-TRAIL,10,,Bushnell Trophy Cam HD,41,Parallel,,,,,kkl059,129,TL 35.4 W 54,
OFP,289,325,Logged Alluvial Bench,-1.26359,110.1177,2018-01-14,2018-04-04,None,ON-TRAIL,10,,Bushnell Trophy Cam HD,50,Parallel,,,,,kkl002,80,RK 24.35,
OFP,289,491,Logged Alluvial Bench,-1.26359,110.1177,2020-03-08,2020-06-07,None,ON-TRAIL,10,,Bushnell Trophy Cam HD,50,Parallel,,,,,OFP111,92,RK 24.35,"ajm (2021-11-04) - moved end date one day eariler to avoid overlap with 546, only videos on 2020-06-08 were staff removing camera"
OFP,289,546,Logged Alluvial Bench,-1.26359,110.1177,2020-06-08,2020-07-11,None,ON-TRAIL,10,,Bushnell Trophy Cam HD,50,Parallel,,,,,OFP110,3,RK 24.35,
OFP,290,326,Montane,-1.23046,110.13801,2018-01-09,2018-04-19,None,OFF-TRAIL,10,,Bushnell Trophy Cam HD,50,Parallel,,,,,kkl034,100,JJ 2.30 W 50,
OFP,291,329,Alluvial Bench,-1.22218,110.10403,2017-12-27,2018-05-01,None,OFF-TRAIL,10,,Bushnell Trophy Cam HD,41,Parallel,,,,,kkl043,125,SK 10.35 W 51,
OFP,292,331,Logged Alluvial Bench,-1.26409,110.11769,2018-01-24,2018-06-03,None,OFF-TRAIL,10,,Bushnell Trophy Cam HD,41,Parallel,,,,,kkl048,130,RK 24.35 S 55,
OFP,292,506,Logged Alluvial Bench,-1.26409,110.11769,2020-03-08,2020-08-20,None,OFF-TRAIL,10,,Bushnell Trophy Cam HD,41,Parallel,,,,,kkl048,165,RK 24.35 S 55,
OFP,293,333,Freshwater Swamp,-1.22675,110.09842,2017-12-24,2018-03-22,None,OFF-TRAIL,10,,Bushnell Trophy Cam HD,48,Parallel,,,,,kkl054,88,RS 30.40 E 25,
OFP,293,565,Freshwater Swamp,-1.22675,110.09842,2018-08-06,2018-09-27,None,OFF-TRAIL,10,,Bushnell Trophy Cam HD,48,Parallel,,,,,OFP082,52,RS 30.40 E 25,
OFP,294,334,Alluvial Bench,-1.22305,110.10504,2017-12-26,2018-04-18,None,ON-TRAIL,10,,Bushnell Trophy Cam HD,41,Parallel,,,,,kkl055,113,MB 1.45,
OFP,295,335,Upland Granite,-1.2101,110.1315,2018-01-17,2018-03-24,None,OFF-TRAIL,10,,Bushnell Trophy Cam HD,41,Parallel,,,,,kkl056,66,GP 79.33 E 50,
OFP,296,336,Freshwater Swamp,-1.21325,110.10216,2017-12-23,2018-06-01,None,OFF-TRAIL,10,,Bushnell Trophy Cam HD,41,Parallel,,,,,kkl060,160,RB 9 N 62,
OFP,297,337,Freshwater Swamp,-1.21238,110.10063,2018-01-26,2018-06-01,None,ON-TRAIL,10,,Bushnell Trophy Cam HD,41,Parallel,,,,,kkl062,126,DG 2.30,
OFP,297,497,Freshwater Swamp,-1.21238,110.10063,2020-02-24,2020-05-06,None,ON-TRAIL,10,,Bushnell Trophy Cam HD,41,Parallel,,,,,OFP086,72,DG 2.30,
OFP,298,338,Kerangas,-1.22854,110.10372,2018-01-26,2018-04-02,None,OFF-TRAIL,10,,Bushnell Trophy Cam HD,45,Parallel,,,,,kkl044,66,BK 12.45 N 58,
OFP,298,448,Kerangas,-1.22854,110.10372,2019-09-23,2019-10-27,None,OFF-TRAIL,10,,Bushnell Trophy Cam HD,45,Parallel,,,,,kkl037,34,BK 12.45 N 58,
OFP,299,339,Logged Alluvial Bench,-1.27972,110.10212,2018-01-14,2018-02-04,None,ON-TRAIL,10,,Bushnell Trophy Cam HD,38,Parallel,,,,,kkl049,21,JK 10,
OFP,300,340,Lowland Sandstone,-1.22779,110.11119,2017-12-26,2018-03-19,None,OFF-TRAIL,10,,Bushnell Trophy Cam HD,38,Parallel,,,,,kkl051,83,SI 15.10 W 51,
OFP,301,341,Alluvial Bench,-1.22029,110.1041,2017-12-25,2018-05-30,None,OFF-TRAIL,10,,Bushnell Trophy Cam HD,38,Parallel,,,,,kkl053,156,SK 5 E 60,
OFP,302,342,Freshwater Swamp,-1.22937,110.0968,2017-12-24,2018-09-28,None,OFF-TRAIL,10,,Bushnell Trophy Cam HD,41,Parallel,,,,,kkl057,278,RS 38.38 W 50,
OFP,303,343,Freshwater Swamp,-1.23957,110.09499,2018-01-08,2018-04-23,None,ON-TRAIL,10,,Bushnell Trophy Cam HD,40,Parallel,,,,,kkl066,105,AG 6.40,
OFP,303,434,Freshwater Swamp,-1.23957,110.09499,2019-03-10,2019-05-23,None,ON-TRAIL,10,,Bushnell Trophy Cam HD,40,Parallel,,,,,kkl080,74,AG 6.40,
OFP,304,344,Upland Granite,-1.21046,110.12175,2017-12-26,2018-05-01,None,OFF-TRAIL,10,,Bushnell Trophy Cam HD,40,Parallel,,,,,kkl071,126,GP 56.25 N 42,
OFP,305,349,Upland Granite,-1.22949,110.13027,2018-02-09,2018-04-30,None,OFF-TRAIL,10,,Bushnell Trophy Cam HD,41,Parallel,,,,,kkl078,80,UB 63.18 S 40,
OFP,305,472,Upland Granite,-1.22949,110.13027,2019-10-10,2020-02-09,None,OFF-TRAIL,10,,Bushnell Trophy Cam HD,41,Parallel,,,,,OFP098,122,UB 63.18 S 40,
OFP,306,350,Alluvial Bench,-1.21927,110.10184,2018-02-14,2018-04-22,None,OFF-TRAIL,10,,Bushnell Trophy Cam HD,45,Parallel,,,,,kkl065,67,SK 2.13 W 137,
OFP,307,351,Montane,-1.20677,110.1427,2018-01-25,2018-03-24,None,ON-TRAIL,10,,Bushnell Trophy Cam HD,41,Parallel,,,,,kkl072,58,AN 2.30,
OFP,308,352,Montane,-1.20984,110.14208,2018-01-25,2018-03-24,None,ON-TRAIL,10,,Bushnell Trophy Cam HD,41,Parallel,,,,,kkl073,58,PA 15.05,
OFP,309,355,Montane,-1.22997,110.13514,2018-05-08,2018-10-09,None,OFF-TRAIL,10,,Bushnell Trophy Cam HD,40,Parallel,,,,,kkl064,154,UB 75.35 W 60,
OFP,309,559,Montane,-1.22997,110.13514,2019-05-24,2019-08-27,None,OFF-TRAIL,10,,Bushnell Trophy Cam HD,40,Parallel,,,,,kkl073,95,UB 75.35 W 60,
OFP,310,359,Logged Alluvial Bench,-1.28223,110.10023,2018-05-04,2018-10-04,None,ON-TRAIL,10,,Bushnell Trophy Cam HD,41,Parallel,,,,,kkl079,153,MI 7.15,
OFP,311,360,Freshwater Swamp,-1.2396,110.09556,2018-02-05,2018-05-07,None,OFF-TRAIL,10,,Bushnell Trophy Cam HD,45,Parallel,,,,,kkl068,91,AG 6.40 E 65,
OFP,311,410,Freshwater Swamp,-1.2396,110.09556,2019-01-28,2019-03-10,None,OFF-TRAIL,10,,Bushnell Trophy Cam HD,45,Parallel,,,,,kkl068,41,AG 6.40 E 65,
OFP,312,361,Lowland Granite,-1.23189,110.11187,2018-02-12,2018-05-09,None,OFF-TRAIL,10,,Bushnell Trophy Cam HD,45,Parallel,,,,,kkl058,86,HB 5.05 W 50,
OFP,313,364,Kerangas,-1.22871,110.10494,2018-05-07,2018-05-26,None,OFF-TRAIL,10,,Bushnell Trophy Cam HD,41,Parallel,,,,,kkl001,19,BK 10.30 NE 50,
OFP,313,492,Kerangas,-1.22871,110.10494,2020-02-25,2020-03-26,None,OFF-TRAIL,10,,Bushnell Trophy Cam HD,41,Parallel,,,,,kkl067,30,BK 10.30 NE 50,
OFP,314,371,Lowland Sandstone,-1.22851,110.10888,2018-05-02,2018-09-24,None,OFF-TRAIL,10,,Bushnell Trophy Cam HD,39,Parallel,,,,,kkl043,145,DA 12.40 E 46,
OFP,315,372,Alluvial Bench,-1.21399,110.10411,2018-06-01,2018-09-30,None,OFF-TRAIL,10,,Bushnell Trophy Cam HD,40,Parallel,,,,,kkl045,121,RB 4.40 S 50,
OFP,315,521,Alluvial Bench,-1.21399,110.10411,2020-02-24,2020-03-26,None,OFF-TRAIL,10,,Bushnell Trophy Cam HD,40,Parallel,,,,,kkl075,31,RB 4.40 S 50,
OFP,316,373,Logged Alluvial Bench,-1.25873,110.1171,2018-06-04,2018-08-18,None,ON-TRAIL,10,,Bushnell Trophy Cam HD,41,Parallel,,,,,kkl048,75,RK 37.15,
OFP,316,558,Logged Alluvial Bench,-1.25873,110.1171,2019-04-29,2019-06-30,None,ON-TRAIL,10,,Bushnell Trophy Cam HD,41,Parallel,,,,,kkl058,62,RK 37.15,
OFP,317,376,Lowland Granite,-1.23307,110.11159,2018-05-09,2019-01-24,None,OFF-TRAIL,10,,Bushnell Trophy Cam HD,44,Parallel,,,,,kkl058,260,HB 2.25 E 46,
OFP,318,379,Peat Swamp,-1.20546,110.09202,2018-05-11,2018-10-12,None,OFF-TRAIL,10,,Bushnell Trophy Cam HD,46,Parallel,,,,,kkl061,154,TZ 12.30 N 50,
OFP,319,382,Freshwater Swamp,-1.21304,110.106,2018-06-03,2018-11-25,None,OFF-TRAIL,10,,Bushnell Trophy Cam HD,49,Parallel,,,,,kkl065,175,RB 0 N 55,
OFP,320,383,Logged Alluvial Bench,-1.28225,110.0998,2018-07-12,2018-09-07,None,OFF-TRAIL,10,,Bushnell Trophy Cam HD,50,Parallel,,,,,kkl047,57,MI 7.18 W 50,
OFP,321,384,Lowland Sandstone,-1.21639,110.11241,2018-10-15,2018-11-24,None,OFF-TRAIL,10,,Bushnell Trophy Cam HD,50,Parallel,,,,,kkl075,40,AY 3 N 45,
OFP,322,392,Logged Alluvial Bench,-1.25835,110.11196,2018-10-04,2018-12-03,None,ON-TRAIL,10,,Bushnell Trophy Cam HD,40,Parallel,,,,,kkl048,61,RK 51.04,"ajm (2021-11-04) - moved end date one day eariler to avoid overlap with 413, only videos on 2020-12-04 were staff removing camera"
OFP,322,413,Logged Alluvial Bench,-1.25835,110.11196,2018-12-04,2019-02-04,None,ON-TRAIL,10,,Bushnell Trophy Cam HD,40,Parallel,,,,,OFP083,62,RK 51.04,
OFP,323,395,Lowland Sandstone,-1.23051,110.10732,2018-09-27,2019-02-02,None,OFF-TRAIL,10,,Bushnell Trophy Cam HD,40,Parallel,,,,,kkl043,128,DL 0.45 E 57,
OFP,324,402,Lowland Sandstone,-1.22357,110.11073,2018-06-06,2019-01-03,None,OFF-TRAIL,10,,Bushnell Trophy Cam HD,41,Parallel,,,,,kkl019,211,AT 7.21 E 45,
OFP,325,407,Lowland Sandstone,-1.22909,110.10727,2019-02-02,2019-05-28,None,OFF-TRAIL,10,,Bushnell Trophy Cam HD,45,Parallel,,,,,kkl043,115,BK 4.35 N 45,
OFP,326,409,Lowland Sandstone,-1.20641,110.11581,2018-12-21,2019-02-09,None,OFF-TRAIL,10,,Bushnell Trophy Cam HD,45,Parallel,,,,,kkl059,50,TL 26 S 40,
OFP,327,416,Kerangas,-1.2295,110.10284,2018-12-18,2019-01-31,None,OFF-TRAIL,10,,Bushnell Trophy Cam HD,40,Parallel,,,,,OFP088,44,SP 34.40 W 40,
OFP,328,417,Peat Swamp,-1.20976,110.09406,2018-10-14,2019-03-13,None,OFF-TRAIL,10,,Bushnell Trophy Cam HD,40,Parallel,,,,,kkl061,150,BD 7.45 W 50,
OFP,329,418,Lowland Granite,-1.2161,110.11407,2018-07-10,2018-10-18,None,OFF-TRAIL,10,,Bushnell Trophy Cam HD,40,Parallel,,,,,kkl059,100,GP 30.24 W 40,
OFP,330,419,Logged Alluvial Bench,-1.2591,110.11665,2018-08-08,2018-10-18,None,OFF-TRAIL,10,,Bushnell Trophy Cam HD,40,Parallel,,,,,OFP083,71,RK 37.15 S 50,
OFP,331,428,Kerangas,-1.22781,110.10278,2019-03-10,2019-04-29,None,OFF-TRAIL,10,,Bushnell Trophy Cam HD,40,Parallel,,,,,kkl058,50,SP 31.22 W 46,
OFP,332,435,Freshwater Swamp,-1.22945,110.09951,2018-11-28,2019-01-09,None,OFF-TRAIL,10,,Bushnell Trophy Cam HD,41,Parallel,,,,,OFP082,42,ST 35 W 25,
OFP,333,420,Upland Granite,-1.21191,110.13107,2018-07-15,2018-08-12,None,OFF-TRAIL,10,,Bushnell Trophy Cam HD,37,Parallel,,,,,kkl056,28,PP 3.35 S 50,
OFP,333,437,Upland Granite,-1.21191,110.13107,2018-12-25,2019-03-11,None,OFF-TRAIL,10,,Bushnell Trophy Cam HD,37,Parallel,,,,,OFP090,76,PP 3.35 S 50,
OFP,334,441,Peat Swamp,-1.21023,110.08489,2019-04-08,2019-09-14,None,OFF-TRAIL,10,,Bushnell Trophy Cam HD,40,Parallel,,,,,kkl061,159,IF 46.05 W 50,
OFP,335,444,Freshwater Swamp,-1.21596,110.10176,2019-06-22,2019-08-01,None,OFF-TRAIL,10,,Bushnell Trophy Cam HD,40,Parallel,,,,,kkl065,40,ST 5 E 50,
OFP,337,450,Alluvial Bench,-1.22447,110.10254,2019-09-24,2020-02-21,None,OFF-TRAIL,10,,Bushnell Trophy Cam HD,40,Parallel,,,,,kkl071,150,SP 24 W 55,
OFP,338,462,Lowland Sandstone,-1.21801,110.1099,2019-09-17,2020-02-28,None,OFF-TRAIL,10,,Bushnell Trophy Cam HD,45,Parallel,,,,,kkl061,164,BC 12.40 N 55,
OFP,339,465,Freshwater Swamp,-1.22081,110.09866,2019-09-16,2020-01-24,None,OFF-TRAIL,10,,Bushnell Trophy Cam HD,45,Parallel,,,,,OFP087,130,SZ 15.25 W 55,
OFP,340,471,Lowland Sandstone,-1.23353,110.10896,2019-10-19,2019-12-05,None,OFF-TRAIL,10,,Bushnell Trophy Cam HD,45,Parallel,,,,,OFP097,47,DP 8 S 52,
OFP,341,474,Lowland Granite,-1.22919,110.11588,2019-11-17,2020-01-12,None,OFF-TRAIL,10,,Bushnell Trophy Cam HD,40,Parallel,,,,,OFP089,56,HB 15.35 e 45,
OFP,342,479,Upland Granite,-1.215331,110.127711,2019-11-22,2019-12-17,None,OFF-TRAIL,10,,Bushnell Trophy Cam HD,40,Parallel,,,,,kkl075,16,FS 11.44 s 50,
OFP,343,488,Freshwater Swamp,-1.21612,110.09686,2020-01-22,2020-02-24,None,OFF-TRAIL,10,,Bushnell Trophy Cam HD,40,Parallel,,,,,kkl016,33,RS 5 w 55,
OFP,344,523,Logged Alluvial Bench,-1.24555,110.09908,2020-03-28,2020-06-07,None,ON-TRAIL,10,,Bushnell Trophy Cam HD,41,Parallel,,,,,OFP108,71,SA 9.04,
OFP,345,525,Logged Alluvial Bench,-1.2844,110.09672,2020-03-18,2020-09-23,None,OFF-TRAIL,10,,Bushnell Trophy Cam HD,40,Parallel,,,,,OFP109,189,SY 14.20 N 50,
OFP,346,524,Logged Alluvial Bench,-1.28466,110.09602,2020-03-08,2020-09-23,None,ON-TRAIL,10,,Bushnell Trophy Cam HD,40,Parallel,,,,,OFP107,199,SY 14.20,
OFP,346,560,Logged Alluvial Bench,-1.28466,110.09602,2019-01-24,2019-02-24,None,ON-TRAIL,10,,Bushnell Trophy Cam HD,45,Parallel,,,,,kkl079,31,SY 14.20,
OFP,347,541,Lowland Sandstone,-1.21276,110.10895,2020-02-14,2020-08-19,None,ON-TRAIL,10,,Bushnell Trophy Cam HD,45,Parallel,,,,,OFP103,187,PB 5.00,
OFP,348,551,Logged Alluvial Bench,-1.24512,110.105,2018-06-02,2018-07-05,None,ON-TRAIL,10,,Bushnell Trophy Cam HD,41,Parallel,,,,,kkl066,13,SA 22,
OFP,349,552,Freshwater Swamp,-1.21341,110.10637,2019-09-19,2019-10-12,None,ON-TRAIL,10,,Bushnell Trophy Cam HD,40,Parallel,,,,,kkl062,23,AP 0,
OFP,351,563,Upland Granite,-1.209973,110.12349,2018-05-31,2018-10-16,None,OFF-TRAIL,10,,Bushnell Trophy Cam HD,40,Parallel,,,,,kkl071,138,GP 60.34 N 50,
OFP,352,564,Lowland Sandstone,-1.21861,110.10804,2018-07-16,2018-08-30,None,OFF-TRAIL,10,,Bushnell Trophy Cam HD,40,Parallel,,,,,kkl075,45,BC 8.30 S 48,