ref,realm,biome,habitat,island,tropical,PET,taxon,growth,thermo,trophic,EH,EHcat,unit,EA,grain,extent,n,ES,var,
1,Neo,12,mix,1,1,1556.33,pla,her,pla,aut,top,ele,isl,0,4,4,31,1.10,0.04,
1,Neo,12,mix,1,1,1556.33,pla,her,pla,aut,top,ele,isl,0,4,4,16,-0.08,0.08,
1,Neo,12,mix,1,1,1556.33,pla,her,pla,aut,top,ele,isl,0,4,4,21,0.60,0.06,
1,Neo,12,mix,1,1,1556.33,pla,her,pla,aut,top,ele,isl,0,4,4,10,1.42,0.14,
1,Neo,12,mix,1,1,1556.33,pla,her,pla,aut,top,ele,isl,0,4,4,9,1.12,0.17,
2,Pal,12,mix,0,0,706.53,pla,shr,pla,aut,top,ele,gri,0,4,4,168,0.67,0.01,
2,Pal,12,mix,0,0,622.11,pla,shr,pla,aut,top,ele,gri,0,4,4,108,0.24,0.01,
3,mix,12,mix,1,1,1614.33,bir,ani,end,mix,top,ele,isl,0,4,4,14,1.50,0.09,
4,Afr,12,mix,0,1,1817.80,pla,her,pla,aut,top,ele,pol,0,4,4,29,0.56,0.04,
5,Afr,9,gra,0,1,1587.66,pla,mix,pla,aut,top,ele,plo,1,1,3,102,0.45,0.01,
5,Afr,9,gra,0,1,1587.66,pla,mix,pla,aut,top,ele,plo,1,1,3,102,0.31,0.01,
5,Afr,9,gra,0,1,1587.66,pla,mix,pla,aut,top,ele,plo,1,1,3,102,0.32,0.01,
5,Afr,9,gra,0,1,1587.66,pla,mix,pla,aut,top,ele,plo,1,1,3,102,0.16,0.01,
6,Afr,12,mix,0,0,1664.09,mam,ani,end,mix,veg,pla,gri,1,4,4,111,1.31,0.01,
6,Afr,12,mix,0,0,1664.09,pla,shr,pla,aut,top,ele,gri,1,4,4,65,0.66,0.02,
7,Pal,3,mix,0,0,1074.51,bir,ani,end,mix,lan,lcd,gri,1,3,2,106,1.33,0.01,
7,Pal,3,mix,0,0,1074.51,her,ani,ect,mix,lan,lcd,gri,1,3,2,106,0.73,0.01,
7,Pal,3,mix,0,0,1074.51,her,ani,ect,mix,lan,lcd,gri,1,3,2,106,0.74,0.01,
7,Pal,3,mix,0,0,1074.51,inv,ani,ect,her,lan,lcd,gri,1,3,2,106,1.07,0.01,
8,Neo,9,for,0,1,1753.37,mam,ani,end,mix,veg,vec,plo,1,2,1,5,1.59,0.50,
8,Neo,9,for,0,1,1753.37,mam,ani,end,mix,veg,vec,plo,1,2,1,5,2.09,0.50,
8,Neo,9,for,0,1,1753.37,mam,ani,end,car,veg,vec,plo,1,2,1,5,1.59,0.50,
8,Neo,9,for,0,1,1753.37,mam,ani,end,car,veg,vec,plo,1,2,1,5,2.09,0.50,
8,Neo,9,for,0,1,1753.37,mam,ani,end,ins,veg,vec,plo,1,2,1,5,1.33,0.50,
8,Neo,9,for,0,1,1753.37,mam,ani,end,ins,veg,vec,plo,1,2,1,5,1.83,0.50,
8,Neo,9,for,0,1,1753.37,mam,ani,end,fru,veg,vec,plo,1,2,1,5,1.59,0.50,
8,Neo,9,for,0,1,1753.37,mam,ani,end,fru,veg,vec,plo,1,2,1,5,2.09,0.50,
8,Neo,9,for,0,1,1753.37,mam,ani,end,mix,veg,vec,plo,1,2,1,5,1.59,0.50,
8,Neo,9,for,0,1,1753.37,mam,ani,end,mix,veg,vec,plo,1,2,1,5,1.42,0.50,
8,Neo,9,for,0,1,1753.37,mam,ani,end,mix,veg,vec,plo,1,2,1,5,1.59,0.50,
8,Neo,9,for,0,1,1753.37,mam,ani,end,mix,veg,vec,plo,1,2,1,5,2.09,0.50,
8,Neo,9,for,0,1,1753.37,mam,ani,end,mix,veg,vec,plo,1,2,1,5,1.59,0.50,
8,Neo,9,for,0,1,1753.37,mam,ani,end,mix,veg,vec,plo,1,2,1,5,1.42,0.50,
9,Pal,5,mix,0,0,908.56,inv,ani,ect,mix,lan,lcd,pol,0,3,2,16,1.44,0.08,
10,Pal,5,for,0,0,965.68,bir,ani,end,mix,lan,lcd,plo,0,2,1,27,0.53,0.04,
10,Pal,5,for,0,0,965.68,inv,ani,ect,car,lan,lcd,plo,0,2,1,27,-0.04,0.04,
10,Pal,5,for,0,0,965.68,inv,ani,ect,car,lan,lcd,plo,0,2,1,27,0.13,0.04,
10,Pal,5,for,0,0,965.68,bir,ani,end,mix,lan,lcp,plo,0,2,1,27,-0.63,0.04,
10,Pal,5,for,0,0,965.68,inv,ani,ect,car,lan,lcp,plo,0,2,1,27,-0.08,0.04,
10,Pal,5,for,0,0,965.68,inv,ani,ect,car,lan,lcp,plo,0,2,1,27,0.25,0.04,
11,Pal,5,gra,0,0,911.03,inv,ani,ect,car,lan,lcp,pol,1,2,2,42,0.23,0.03,
11,Pal,5,gra,0,0,911.03,inv,ani,ect,her,lan,lcp,pol,1,2,2,42,0.35,0.03,
11,Pal,5,gra,0,0,911.03,inv,ani,ect,her,lan,lcp,pol,1,2,2,42,0.43,0.03,
11,Pal,5,gra,0,0,911.03,inv,ani,ect,car,lan,lcp,pol,1,2,2,42,0.09,0.03,
11,Pal,5,gra,0,0,911.03,inv,ani,ect,her,lan,lcp,pol,1,2,2,42,0.32,0.03,
11,Pal,5,gra,0,0,911.03,inv,ani,ect,her,lan,lcp,pol,1,2,2,42,0.38,0.03,
11,Pal,5,gra,0,0,911.03,inv,ani,ect,car,lan,lcp,pol,1,2,2,42,0.33,0.03,
11,Pal,5,gra,0,0,911.03,inv,ani,ect,her,lan,lcp,pol,1,2,2,42,0.48,0.03,
11,Pal,5,gra,0,0,911.03,inv,ani,ect,her,lan,lcp,pol,1,2,2,42,0.53,0.03,
12,Pal,3,for,0,0,1030.34,inv,ani,ect,her,veg,vec,pol,0,3,2,13,-0.13,0.10,
12,Pal,3,for,0,0,1030.34,inv,ani,ect,her,veg,vec,pol,0,3,2,13,-0.34,0.10,
12,Pal,3,for,0,0,1030.34,inv,ani,ect,her,veg,vec,pol,0,3,2,13,-0.02,0.10,
12,Pal,3,for,0,0,1030.34,inv,ani,ect,her,veg,vec,pol,0,3,2,13,-0.15,0.10,
12,Pal,3,for,0,0,1030.34,inv,ani,ect,her,veg,vec,pol,0,3,2,13,-0.27,0.10,
13,Neo,12,mix,0,0,1297.74,bir,ani,end,car,veg,vec,gri,1,4,4,245,1.24,0.00,
14,Pal,3,agr,0,0,1344.64,bir,ani,end,mix,lan,lcd,gri,1,1,1,32,0.47,0.03,
14,Pal,3,agr,0,0,1344.64,bir,ani,end,mix,lan,lcd,gri,1,1,1,40,0.30,0.03,
14,Pal,3,agr,0,0,1344.64,bir,ani,end,mix,lan,lcd,gri,1,1,1,25,0.60,0.05,
15,Nea,5,agr,0,0,1100.30,bir,ani,end,mix,veg,pla,pol,1,2,1,6,0.13,0.33,
16,Nea,7,for,0,0,1088.63,bir,ani,end,mix,veg,vec,pol,0,3,2,12,1.14,0.11,
17,Pal,5,mix,1,0,591.80,inv,ani,ect,omn,veg,pla,isl,0,3,3,17,1.29,0.07,
17,Pal,5,mix,1,0,591.80,inv,ani,ect,omn,lan,lcd,isl,0,3,3,18,1.63,0.07,
17,Pal,5,mix,1,0,591.80,inv,ani,ect,omn,lan,lcd,isl,0,3,3,18,1.54,0.07,
18,Aus,12,mix,0,1,1923.13,pla,shr,pla,aut,lan,lcd,gri,0,4,3,15,0.08,0.08,
18,Aus,12,mix,0,1,1923.13,pla,shr,pla,aut,lan,lcd,gri,0,4,3,15,0.12,0.08,
19,Neo,12,for,0,1,1649.82,inv,ani,ect,her,mix,mix,pol,0,3,4,21,0.79,0.06,
19,Neo,12,for,0,1,1649.82,inv,ani,ect,her,soi,sod,pol,0,3,4,21,0.62,0.06,
19,Neo,12,for,0,1,1649.82,inv,ani,ect,her,lan,lcd,pol,0,3,4,21,0.66,0.06,
19,Neo,12,for,0,1,1649.82,inv,ani,ect,her,top,ele,pol,0,3,4,21,0.52,0.06,
19,Neo,12,for,0,1,1649.82,inv,ani,ect,her,mix,mix,pol,0,3,4,21,0.50,0.06,
19,Neo,12,for,0,1,1649.82,inv,ani,ect,her,lan,lcd,pol,0,3,4,21,0.45,0.06,
19,Neo,12,for,0,1,1649.82,inv,ani,ect,her,mix,mix,pol,0,3,4,21,0.48,0.06,
19,Neo,12,for,0,1,1649.82,inv,ani,ect,her,lan,lcd,pol,0,3,4,21,0.65,0.06,
19,Neo,12,for,0,1,1649.82,inv,ani,ect,her,top,ele,pol,0,3,4,21,0.78,0.06,
19,Neo,12,for,0,1,1649.82,inv,ani,ect,her,mix,mix,pol,0,3,4,21,0.48,0.06,
19,Neo,12,for,0,1,1649.82,inv,ani,ect,her,lan,lcd,pol,0,3,4,21,0.56,0.06,
19,Neo,12,for,0,1,1649.82,inv,ani,ect,her,mix,mix,pol,0,3,4,21,0.81,0.06,
19,Neo,12,for,0,1,1649.82,inv,ani,ect,her,soi,sod,pol,0,3,4,21,0.74,0.06,
19,Neo,12,for,0,1,1649.82,inv,ani,ect,her,lan,lcd,pol,0,3,4,21,0.46,0.06,
19,Neo,12,for,0,1,1649.82,inv,ani,ect,her,top,ele,pol,0,3,4,21,0.56,0.06,
19,Neo,12,for,0,1,1649.82,inv,ani,ect,her,mix,mix,pol,0,3,4,21,0.62,0.06,
19,Neo,12,for,0,1,1649.82,inv,ani,ect,her,soi,sod,pol,0,3,4,21,0.54,0.06,
19,Neo,12,for,0,1,1649.82,inv,ani,ect,her,lan,lcd,pol,0,3,4,21,0.65,0.06,
19,Neo,12,for,0,1,1649.82,inv,ani,ect,her,top,ele,pol,0,3,4,21,0.42,0.06,
20,Neo,10,mix,0,1,1624.05,mam,ani,end,mix,top,mic,plo,0,1,1,20,0.03,0.06,
20,Neo,10,mix,0,1,1624.05,mam,ani,end,mix,cli,cli,plo,0,1,1,7,1.41,0.25,
20,Neo,10,mix,0,1,1624.05,mam,ani,end,mix,cli,cli,plo,0,1,1,7,0.58,0.25,
20,Neo,10,mix,0,1,1624.05,mam,ani,end,mix,cli,cli,plo,0,1,1,7,1.01,0.25,
21,Nea,2,xer,1,0,1764.03,her,ani,ect,mix,top,ele,isl,0,4,3,25,0.61,0.05,
21,Nea,2,xer,1,0,1764.03,her,ani,ect,mix,veg,pla,isl,0,4,3,25,1.14,0.05,
21,Nea,2,xer,1,0,1764.03,her,ani,ect,mix,veg,ved,isl,0,4,3,12,0.81,0.11,
22,Pal,5,mix,0,0,1011.63,inv,ani,ect,her,top,ele,gri,0,4,3,43,0.51,0.02,
23,mix,12,mix,1,0,913.45,pla,mix,pla,aut,top,ele,isl,0,4,4,25,0.41,0.05,
23,mix,12,mix,1,0,913.45,pla,mix,pla,aut,top,ele,isl,0,4,4,25,0.64,0.05,
23,mix,12,mix,1,0,913.45,inv,ani,ect,mix,top,ele,isl,0,4,4,25,0.03,0.05,
23,mix,12,mix,1,0,913.45,inv,ani,ect,mix,top,ele,isl,0,4,4,25,0.46,0.05,
23,mix,12,mix,1,0,913.45,bir,ani,end,mix,top,ele,isl,0,4,4,25,0.07,0.05,
23,mix,12,mix,1,0,913.45,bir,ani,end,mix,top,ele,isl,0,4,4,25,0.10,0.05,
23,mix,12,mix,1,0,913.45,mam,ani,end,mix,top,ele,isl,0,4,4,25,0.47,0.05,
23,mix,12,mix,1,0,913.45,inv,ani,ect,mix,veg,pla,isl,0,4,4,25,1.06,0.05,
23,mix,12,mix,1,0,913.45,inv,ani,ect,mix,veg,pla,isl,0,4,4,25,0.87,0.05,
23,mix,12,mix,1,0,913.45,bir,ani,end,mix,veg,pla,isl,0,4,4,25,0.83,0.05,
23,mix,12,mix,1,0,913.45,bir,ani,end,mix,veg,pla,isl,0,4,4,25,0.75,0.05,
23,mix,12,mix,1,0,913.45,mam,ani,end,mix,veg,pla,isl,0,4,4,25,0.65,0.05,
23,mix,12,mix,1,0,913.45,bir,ani,end,mix,veg,pla,isl,0,4,4,25,0.96,0.05,
23,mix,12,mix,1,0,913.45,bir,ani,end,mix,veg,pla,isl,0,4,4,25,0.95,0.05,
24,Pal,5,agr,0,0,698.39,inv,ani,ect,car,lan,lcp,pol,1,2,3,21,0.65,0.06,
25,Aus,3,for,0,0,1386.44,bir,ani,end,mix,veg,vec,plo,1,2,1,48,0.11,0.02,
25,Aus,3,for,0,0,1386.44,bir,ani,end,mix,veg,ved,plo,1,2,1,48,0.00,0.02,
25,Aus,3,for,0,0,1386.44,bir,ani,end,mix,veg,vec,plo,1,2,1,48,0.30,0.02,
25,Aus,3,for,0,0,1386.44,bir,ani,end,mix,veg,ved,plo,1,2,1,48,-0.26,0.02,
25,Aus,3,for,0,0,1386.44,bir,ani,end,mix,veg,ved,plo,1,2,1,48,0.37,0.02,
25,Aus,3,for,0,0,1386.44,bir,ani,end,mix,veg,vec,plo,1,2,1,48,0.21,0.02,
26,Oce,12,mix,1,0,1239.35,inv,ani,ect,mix,lan,lcd,isl,0,4,3,14,1.90,0.09,
27,Neo,8,for,0,1,1821.47,inv,ani,ect,her,veg,pla,tra,1,1,1,60,1.78,0.02,
28,Nea,12,mix,0,0,712.01,pla,shr,pla,aut,cli,cli,gri,0,4,4,337,0.20,0.00,
28,Nea,12,mix,0,0,712.01,pla,shr,pla,aut,cli,cli,gri,0,4,4,337,0.44,0.00,
28,Nea,12,mix,0,0,712.01,bir,ani,end,mix,top,ele,gri,0,4,4,337,0.31,0.00,
28,Nea,12,mix,0,0,712.01,bir,ani,end,mix,cli,cli,gri,0,4,4,337,0.44,0.00,
28,Nea,12,mix,0,0,712.01,her,ani,ect,mix,cli,cli,gri,0,4,4,337,0.46,0.00,
28,Nea,12,mix,0,0,712.01,her,ani,ect,mix,cli,cli,gri,0,4,4,337,0.59,0.00,
29,Nea,12,for,0,0,912.38,bir,ani,end,mix,lan,lcd,pol,0,3,3,30,0.80,0.04,
30,Nea,12,mix,0,0,562.63,mam,ani,end,her,lan,lcp,pol,0,4,4,12,1.42,0.11,
30,Pal,12,mix,0,0,540.03,mam,ani,end,her,lan,lcp,pol,0,4,4,9,0.58,0.17,
30,Nea,12,mix,0,0,562.63,mam,ani,end,her,lan,lcd,pol,0,4,4,12,0.37,0.11,
30,Pal,12,mix,0,0,540.03,mam,ani,end,her,lan,lcd,pol,0,4,4,9,0.81,0.17,
30,Nea,12,mix,0,0,562.63,mam,ani,end,her,veg,pla,pol,0,4,4,12,0.76,0.11,
30,Pal,12,mix,0,0,540.03,mam,ani,end,her,veg,pla,pol,0,4,4,9,0.60,0.17,
30,Nea,12,mix,0,0,562.63,mam,ani,end,her,veg,pla,pol,0,4,4,12,0.54,0.11,
30,Pal,12,mix,0,0,540.03,mam,ani,end,her,veg,pla,pol,0,4,4,9,0.44,0.17,
31,Ind,10,for,1,1,1263.64,bir,ani,end,mix,lan,lcd,isl,0,3,3,45,1.25,0.02,
31,Ind,10,for,1,1,1263.64,bir,ani,end,mix,lan,lcd,isl,0,3,3,37,0.77,0.03,
31,Ind,10,for,1,1,1263.64,bir,ani,end,mix,lan,lcd,isl,0,3,3,7,2.18,0.25,
32,Pal,3,mix,1,0,1132.54,inv,ani,ect,her,top,ele,isl,0,4,3,31,0.47,0.04,
33,Nea,11,gra,1,0,395.53,pla,mix,pla,aut,lan,lcd,isl,0,2,,34,2.18,0.03,
33,Nea,11,gra,1,0,395.53,pla,mix,pla,aut,top,ele,isl,0,2,,34,1.60,0.03,
34,Ind,10,for,1,1,1263.64,inv,ani,ect,her,lan,lcd,isl,0,4,3,23,0.48,0.05,
35,mix,12,mix,0,0,790.12,bir,ani,end,mix,top,ele,gri,1,4,4,3433,0.29,0.00,
35,mix,12,mix,0,0,790.12,bir,ani,end,mix,top,ele,gri,1,4,4,3088,0.31,0.00,
35,mix,12,mix,1,0,790.12,bir,ani,end,mix,top,ele,gri,1,4,4,345,0.05,0.00,
36,Neo,10,for,0,1,1623.00,bir,ani,end,ins,cli,cli,pol,1,4,3,100,0.50,0.01,
36,Neo,10,for,0,1,1623.00,bir,ani,end,ins,cli,cli,pol,1,4,3,100,0.05,0.01,
36,Neo,10,for,0,1,1623.00,bir,ani,end,ins,top,ele,pol,1,4,3,100,0.04,0.01,
36,Neo,10,for,0,1,1623.00,bir,ani,end,ins,top,ele,pol,1,4,3,100,0.53,0.01,
36,Neo,10,for,0,1,1623.00,bir,ani,end,ins,soi,sod,pol,1,4,3,100,0.39,0.01,
37,Pal,12,agr,0,0,829.54,bir,ani,end,mix,lan,lcd,plo,1,1,2,60,0.89,0.02,
37,Pal,12,agr,0,0,829.54,bir,ani,end,mix,lan,lcp,plo,1,1,2,60,0.31,0.02,
37,Pal,12,agr,0,0,829.54,bir,ani,end,mix,lan,lcd,plo,1,1,2,60,0.14,0.02,
37,Pal,12,agr,0,0,829.54,bir,ani,end,mix,lan,lcp,plo,1,1,2,60,0.47,0.02,
38,Pal,6,for,0,0,680.47,pla,mix,pla,aut,veg,pla,plo,1,1,1,93,-0.03,0.01,
39,Pal,3,for,1,0,1030.72,inv,ani,ect,mix,top,ele,isl,0,4,3,32,0.68,0.03,
39,Pal,3,for,1,0,1030.72,inv,ani,ect,mix,lan,lcd,isl,0,4,3,29,0.40,0.04,
40,Pal,12,mix,0,0,1050.06,pla,her,pla,aut,top,ele,gri,1,4,3,240,0.81,0.00,
40,Pal,12,mix,0,0,1050.06,pla,her,pla,aut,cli,cli,gri,1,4,3,240,0.71,0.00,
40,Pal,12,mix,0,0,1050.06,pla,her,pla,aut,cli,cli,gri,1,4,3,240,0.50,0.00,
41,Pal,5,agr,1,0,616.09,pla,mix,pla,aut,lan,lcd,plo,1,2,3,309,0.64,0.00,
41,Pal,5,agr,1,0,616.09,bir,ani,end,mix,lan,lcd,plo,1,2,3,176,0.18,0.01,
41,Pal,5,agr,1,0,616.09,pla,mix,pla,aut,lan,lcd,plo,1,2,3,309,0.43,0.00,
41,Pal,5,agr,1,0,616.09,bir,ani,end,mix,lan,lcd,plo,1,2,3,176,0.34,0.01,
42,Pal,5,agr,0,0,727.82,mam,ani,end,mix,lan,lcp,pol,1,2,1,11,-0.34,0.12,
42,Pal,5,agr,0,0,727.82,mam,ani,end,mix,lan,lcp,pol,1,2,1,11,0.11,0.12,
42,Pal,5,agr,0,0,727.82,mam,ani,end,mix,lan,lcp,pol,1,2,1,22,-0.05,0.05,
43,Pal,12,mix,0,0,717.38,mam,ani,end,mix,top,ele,gri,1,4,4,1570,0.00,0.00,
43,Pal,12,mix,0,0,717.38,mam,ani,end,mix,lan,lcd,gri,1,4,4,1570,0.19,0.00,
44,Aus,5,for,0,0,1196.38,mam,ani,end,mix,lan,lcd,plo,0,2,1,11,1.82,0.12,
45,Nea,12,for,0,0,970.10,mix,ani,mix,mix,lan,lcd,gri,1,4,3,12,1.09,0.11,
45,Nea,12,for,0,0,970.10,mix,ani,mix,mix,lan,lcd,gri,1,4,3,12,1.16,0.11,
45,Nea,12,for,0,0,970.10,mix,ani,mix,mix,lan,lcd,gri,1,4,3,12,0.45,0.11,
45,Nea,12,for,0,0,970.10,mix,ani,mix,mix,soi,sod,gri,1,4,3,12,0.61,0.11,
45,Nea,12,for,0,0,970.10,mix,ani,mix,mix,top,ele,gri,1,4,3,12,0.49,0.11,
45,Nea,12,for,0,0,970.10,mix,ani,mix,mix,top,ele,gri,1,4,3,12,0.38,0.11,
45,Nea,12,for,0,0,970.10,mix,ani,mix,mix,lan,lcd,gri,1,4,3,12,0.97,0.11,
45,Nea,12,for,0,0,970.10,mix,ani,mix,mix,lan,lcd,gri,1,4,3,12,0.45,0.11,
45,Nea,12,for,0,0,970.10,mix,ani,mix,mix,cli,cli,gri,1,4,3,12,0.51,0.11,
45,Nea,12,for,0,0,970.10,mix,ani,mix,mix,cli,cli,gri,1,4,3,12,0.39,0.11,
45,Nea,12,for,0,0,970.10,mix,ani,mix,mix,cli,cli,gri,1,4,3,12,0.35,0.11,
45,Nea,12,for,0,0,970.10,mix,ani,mix,mix,cli,cli,gri,1,4,3,12,0.31,0.11,
45,Nea,12,for,0,0,970.10,mix,ani,mix,mix,cli,cli,gri,1,4,3,12,0.39,0.11,
45,Nea,12,for,0,0,970.10,mix,ani,mix,mix,cli,cli,gri,1,4,3,12,0.31,0.11,
45,Nea,12,for,0,0,970.10,mix,ani,mix,mix,lan,lcp,gri,1,4,3,12,0.91,0.11,
45,Nea,12,for,0,0,970.10,mix,ani,mix,mix,lan,lcp,gri,1,4,3,12,-0.34,0.11,
45,Nea,12,for,0,0,970.10,mix,ani,mix,mix,lan,lcd,gri,1,4,3,24,0.64,0.05,
45,Nea,12,for,0,0,970.10,mix,ani,mix,mix,lan,lcd,gri,1,4,3,24,0.64,0.05,
45,Nea,12,for,0,0,970.10,mix,ani,mix,mix,lan,lcd,gri,1,4,3,24,0.36,0.05,
45,Nea,12,for,0,0,970.10,mix,ani,mix,mix,soi,sod,gri,1,4,3,24,0.64,0.05,
45,Nea,12,for,0,0,970.10,mix,ani,mix,mix,top,ele,gri,1,4,3,24,0.27,0.05,
45,Nea,12,for,0,0,970.10,mix,ani,mix,mix,top,ele,gri,1,4,3,24,0.19,0.05,
45,Nea,12,for,0,0,970.10,mix,ani,mix,mix,lan,lcd,gri,1,4,3,24,0.72,0.05,
45,Nea,12,for,0,0,970.10,mix,ani,mix,mix,lan,lcd,gri,1,4,3,24,0.66,0.05,
45,Nea,12,for,0,0,970.10,mix,ani,mix,mix,cli,cli,gri,1,4,3,24,0.26,0.05,
45,Nea,12,for,0,0,970.10,mix,ani,mix,mix,cli,cli,gri,1,4,3,24,0.14,0.05,
45,Nea,12,for,0,0,970.10,mix,ani,mix,mix,cli,cli,gri,1,4,3,24,0.30,0.05,
45,Nea,12,for,0,0,970.10,mix,ani,mix,mix,cli,cli,gri,1,4,3,24,0.20,0.05,
45,Nea,12,for,0,0,970.10,mix,ani,mix,mix,cli,cli,gri,1,4,3,24,0.27,0.05,
45,Nea,12,for,0,0,970.10,mix,ani,mix,mix,cli,cli,gri,1,4,3,24,0.08,0.05,
45,Nea,12,for,0,0,970.10,mix,ani,mix,mix,lan,lcp,gri,1,4,3,24,0.46,0.05,
45,Nea,12,for,0,0,970.10,mix,ani,mix,mix,lan,lcp,gri,1,4,3,24,-0.17,0.05,
45,Nea,12,for,0,0,970.10,mix,ani,mix,mix,lan,lcd,gri,1,4,3,63,0.60,0.02,
45,Nea,12,for,0,0,970.10,mix,ani,mix,mix,lan,lcd,gri,1,4,3,63,0.51,0.02,
45,Nea,12,for,0,0,970.10,mix,ani,mix,mix,lan,lcd,gri,1,4,3,63,0.60,0.02,
45,Nea,12,for,0,0,970.10,mix,ani,mix,mix,soi,sod,gri,1,4,3,63,0.44,0.02,
45,Nea,12,for,0,0,970.10,mix,ani,mix,mix,top,ele,gri,1,4,3,63,0.31,0.02,
45,Nea,12,for,0,0,970.10,mix,ani,mix,mix,top,ele,gri,1,4,3,63,0.34,0.02,
45,Nea,12,for,0,0,970.10,mix,ani,mix,mix,lan,lcd,gri,1,4,3,63,0.59,0.02,
45,Nea,12,for,0,0,970.10,mix,ani,mix,mix,lan,lcd,gri,1,4,3,63,0.43,0.02,
45,Nea,12,for,0,0,970.10,mix,ani,mix,mix,cli,cli,gri,1,4,3,63,0.32,0.02,
45,Nea,12,for,0,0,970.10,mix,ani,mix,mix,cli,cli,gri,1,4,3,63,0.25,0.02,
45,Nea,12,for,0,0,970.10,mix,ani,mix,mix,cli,cli,gri,1,4,3,63,0.26,0.02,
45,Nea,12,for,0,0,970.10,mix,ani,mix,mix,cli,cli,gri,1,4,3,63,0.32,0.02,
45,Nea,12,for,0,0,970.10,mix,ani,mix,mix,cli,cli,gri,1,4,3,63,0.23,0.02,
45,Nea,12,for,0,0,970.10,mix,ani,mix,mix,cli,cli,gri,1,4,3,63,0.06,0.02,
45,Nea,12,for,0,0,970.10,mix,ani,mix,mix,lan,lcp,gri,1,4,3,63,0.48,0.02,
45,Nea,12,for,0,0,970.10,mix,ani,mix,mix,lan,lcp,gri,1,4,3,63,-0.04,0.02,
45,Nea,12,for,0,0,970.10,mix,ani,mix,mix,lan,lcd,gri,1,4,3,252,0.49,0.00,
45,Nea,12,for,0,0,970.10,mix,ani,mix,mix,lan,lcd,gri,1,4,3,252,0.51,0.00,
45,Nea,12,for,0,0,970.10,mix,ani,mix,mix,lan,lcd,gri,1,4,3,252,0.54,0.00,
45,Nea,12,for,0,0,970.10,mix,ani,mix,mix,soi,sod,gri,1,4,3,252,0.35,0.00,
45,Nea,12,for,0,0,970.10,mix,ani,mix,mix,top,ele,gri,1,4,3,252,0.20,0.00,
45,Nea,12,for,0,0,970.10,mix,ani,mix,mix,top,ele,gri,1,4,3,252,0.26,0.00,
45,Nea,12,for,0,0,970.10,mix,ani,mix,mix,lan,lcd,gri,1,4,3,252,0.45,0.00,
45,Nea,12,for,0,0,970.10,mix,ani,mix,mix,lan,lcd,gri,1,4,3,252,0.36,0.00,
45,Nea,12,for,0,0,970.10,mix,ani,mix,mix,cli,cli,gri,1,4,3,252,0.20,0.00,
45,Nea,12,for,0,0,970.10,mix,ani,mix,mix,cli,cli,gri,1,4,3,252,0.15,0.00,
45,Nea,12,for,0,0,970.10,mix,ani,mix,mix,cli,cli,gri,1,4,3,252,0.27,0.00,
45,Nea,12,for,0,0,970.10,mix,ani,mix,mix,cli,cli,gri,1,4,3,252,0.32,0.00,
45,Nea,12,for,0,0,970.10,mix,ani,mix,mix,cli,cli,gri,1,4,3,252,0.16,0.00,
45,Nea,12,for,0,0,970.10,mix,ani,mix,mix,cli,cli,gri,1,4,3,252,0.06,0.00,
45,Nea,12,for,0,0,970.10,mix,ani,mix,mix,lan,lcp,gri,1,4,3,252,0.40,0.00,
45,Nea,12,for,0,0,970.10,mix,ani,mix,mix,lan,lcp,gri,1,4,3,252,-0.23,0.00,
45,Nea,12,for,0,0,970.10,mix,ani,mix,mix,lan,lcd,gri,1,3,3,2420,0.32,0.00,
45,Nea,12,for,0,0,970.10,mix,ani,mix,mix,lan,lcd,gri,1,3,3,2420,0.37,0.00,
45,Nea,12,for,0,0,970.10,mix,ani,mix,mix,lan,lcd,gri,1,3,3,2420,0.40,0.00,
45,Nea,12,for,0,0,970.10,mix,ani,mix,mix,soi,sod,gri,1,3,3,2420,0.28,0.00,
45,Nea,12,for,0,0,970.10,mix,ani,mix,mix,top,ele,gri,1,3,3,2420,-0.01,0.00,
45,Nea,12,for,0,0,970.10,mix,ani,mix,mix,top,ele,gri,1,3,3,2420,0.09,0.00,
45,Nea,12,for,0,0,970.10,mix,ani,mix,mix,lan,lcd,gri,1,3,3,2420,0.33,0.00,
45,Nea,12,for,0,0,970.10,mix,ani,mix,mix,lan,lcd,gri,1,3,3,2420,0.25,0.00,
45,Nea,12,for,0,0,970.10,mix,ani,mix,mix,cli,cli,gri,1,3,3,2420,-0.01,0.00,
45,Nea,12,for,0,0,970.10,mix,ani,mix,mix,cli,cli,gri,1,3,3,2420,-0.05,0.00,
45,Nea,12,for,0,0,970.10,mix,ani,mix,mix,cli,cli,gri,1,3,3,2420,0.12,0.00,
45,Nea,12,for,0,0,970.10,mix,ani,mix,mix,cli,cli,gri,1,3,3,2420,0.16,0.00,
45,Nea,12,for,0,0,970.10,mix,ani,mix,mix,cli,cli,gri,1,3,3,2420,-0.02,0.00,
45,Nea,12,for,0,0,970.10,mix,ani,mix,mix,cli,cli,gri,1,3,3,2420,-0.05,0.00,
45,Nea,12,for,0,0,970.10,mix,ani,mix,mix,lan,lcp,gri,1,3,3,2420,0.21,0.00,
45,Nea,12,for,0,0,970.10,mix,ani,mix,mix,lan,lcp,gri,1,3,3,2420,-0.18,0.00,
46,Pal,5,agr,0,0,725.42,pla,her,pla,aut,lan,lcp,pol,1,2,2,18,0.54,0.07,
46,Pal,5,agr,0,0,725.42,pla,her,pla,aut,lan,lcd,pol,1,2,2,18,0.46,0.07,
46,Pal,5,agr,0,0,725.42,pla,her,pla,aut,lan,pat,pol,1,2,2,18,0.97,0.07,
46,Pal,5,agr,0,0,725.42,pla,her,pla,aut,top,pro,pol,1,2,2,18,0.50,0.07,
46,Pal,5,agr,0,0,725.42,pla,her,pla,aut,lan,lcp,pol,1,3,2,18,0.62,0.07,
46,Pal,5,agr,0,0,725.42,pla,her,pla,aut,lan,lcd,pol,1,3,2,18,0.62,0.07,
46,Pal,5,agr,0,0,725.42,pla,her,pla,aut,lan,pat,pol,1,3,2,18,1.07,0.07,
46,Pal,5,agr,0,0,725.42,pla,her,pla,aut,top,pro,pol,1,3,2,18,0.47,0.07,
46,Pal,5,agr,0,0,725.42,pla,her,pla,aut,lan,lcp,pol,1,3,2,18,0.56,0.07,
46,Pal,5,agr,0,0,725.42,pla,her,pla,aut,lan,lcd,pol,1,3,2,18,0.55,0.07,
46,Pal,5,agr,0,0,725.42,pla,her,pla,aut,lan,pat,pol,1,3,2,18,0.95,0.07,
46,Pal,5,agr,0,0,725.42,pla,her,pla,aut,top,pro,pol,1,3,2,18,0.45,0.07,
46,Pal,5,agr,0,0,725.42,pla,her,pla,aut,lan,lcp,pol,1,3,2,18,0.56,0.07,
46,Pal,5,agr,0,0,725.42,pla,her,pla,aut,lan,lcd,pol,1,3,2,18,0.48,0.07,
46,Pal,5,agr,0,0,725.42,pla,her,pla,aut,lan,pat,pol,1,3,2,18,0.83,0.07,
46,Pal,5,agr,0,0,725.42,pla,her,pla,aut,top,pro,pol,1,3,2,18,0.48,0.07,
46,Pal,5,agr,0,0,725.42,pla,her,pla,aut,lan,lcp,pol,1,3,2,18,0.60,0.07,
46,Pal,5,agr,0,0,725.42,pla,her,pla,aut,lan,lcd,pol,1,3,2,18,0.42,0.07,
46,Pal,5,agr,0,0,725.42,pla,her,pla,aut,lan,pat,pol,1,3,2,18,0.76,0.07,
46,Pal,5,agr,0,0,725.42,pla,her,pla,aut,top,pro,pol,1,3,2,18,0.52,0.07,
46,Pal,5,agr,0,0,725.42,pla,mix,pla,aut,lan,lcp,pol,1,2,2,18,0.63,0.07,
46,Pal,5,agr,0,0,725.42,pla,mix,pla,aut,lan,lcd,pol,1,2,2,18,0.39,0.07,
46,Pal,5,agr,0,0,725.42,pla,mix,pla,aut,lan,pat,pol,1,2,2,18,0.68,0.07,
46,Pal,5,agr,0,0,725.42,pla,mix,pla,aut,top,pro,pol,1,2,2,18,0.05,0.07,
46,Pal,5,agr,0,0,725.42,pla,mix,pla,aut,lan,lcp,pol,1,3,2,18,0.47,0.07,
46,Pal,5,agr,0,0,725.42,pla,mix,pla,aut,lan,lcd,pol,1,3,2,18,0.33,0.07,
46,Pal,5,agr,0,0,725.42,pla,mix,pla,aut,lan,pat,pol,1,3,2,18,0.65,0.07,
46,Pal,5,agr,0,0,725.42,pla,mix,pla,aut,top,pro,pol,1,3,2,18,0.09,0.07,
46,Pal,5,agr,0,0,725.42,pla,mix,pla,aut,lan,lcp,pol,1,3,2,18,0.37,0.07,
46,Pal,5,agr,0,0,725.42,pla,mix,pla,aut,lan,lcd,pol,1,3,2,18,0.26,0.07,
46,Pal,5,agr,0,0,725.42,pla,mix,pla,aut,lan,pat,pol,1,3,2,18,0.55,0.07,
46,Pal,5,agr,0,0,725.42,pla,mix,pla,aut,top,pro,pol,1,3,2,18,0.14,0.07,
46,Pal,5,agr,0,0,725.42,pla,mix,pla,aut,lan,lcp,pol,1,3,2,18,0.34,0.07,
46,Pal,5,agr,0,0,725.42,pla,mix,pla,aut,lan,lcd,pol,1,3,2,18,0.27,0.07,
46,Pal,5,agr,0,0,725.42,pla,mix,pla,aut,lan,pat,pol,1,3,2,18,0.48,0.07,
46,Pal,5,agr,0,0,725.42,pla,mix,pla,aut,top,pro,pol,1,3,2,18,0.24,0.07,
46,Pal,5,agr,0,0,725.42,pla,mix,pla,aut,lan,lcp,pol,1,3,2,18,0.38,0.07,
46,Pal,5,agr,0,0,725.42,pla,mix,pla,aut,lan,lcd,pol,1,3,2,18,0.28,0.07,
46,Pal,5,agr,0,0,725.42,pla,mix,pla,aut,lan,pat,pol,1,3,2,18,0.48,0.07,
46,Pal,5,agr,0,0,725.42,pla,mix,pla,aut,top,pro,pol,1,3,2,18,0.35,0.07,
46,Pal,5,agr,0,0,725.42,pla,her,pla,aut,lan,lcp,pol,1,2,2,18,0.39,0.07,
46,Pal,5,agr,0,0,725.42,pla,her,pla,aut,lan,lcd,pol,1,2,2,18,0.40,0.07,
46,Pal,5,agr,0,0,725.42,pla,her,pla,aut,lan,pat,pol,1,2,2,18,0.81,0.07,
46,Pal,5,agr,0,0,725.42,pla,her,pla,aut,top,pro,pol,1,2,2,18,0.60,0.07,
46,Pal,5,agr,0,0,725.42,pla,her,pla,aut,lan,lcp,pol,1,3,2,18,0.55,0.07,
46,Pal,5,agr,0,0,725.42,pla,her,pla,aut,lan,lcd,pol,1,3,2,18,0.62,0.07,
46,Pal,5,agr,0,0,725.42,pla,her,pla,aut,lan,pat,pol,1,3,2,18,0.93,0.07,
46,Pal,5,agr,0,0,725.42,pla,her,pla,aut,top,pro,pol,1,3,2,18,0.56,0.07,
46,Pal,5,agr,0,0,725.42,pla,her,pla,aut,lan,lcp,pol,1,3,2,18,0.52,0.07,
46,Pal,5,agr,0,0,725.42,pla,her,pla,aut,lan,lcd,pol,1,3,2,18,0.56,0.07,
46,Pal,5,agr,0,0,725.42,pla,her,pla,aut,lan,pat,pol,1,3,2,18,0.87,0.07,
46,Pal,5,agr,0,0,725.42,pla,her,pla,aut,top,pro,pol,1,3,2,18,0.50,0.07,
46,Pal,5,agr,0,0,725.42,pla,her,pla,aut,lan,lcp,pol,1,3,2,18,0.52,0.07,
46,Pal,5,agr,0,0,725.42,pla,her,pla,aut,lan,lcd,pol,1,3,2,18,0.47,0.07,
46,Pal,5,agr,0,0,725.42,pla,her,pla,aut,lan,pat,pol,1,3,2,18,0.76,0.07,
46,Pal,5,agr,0,0,725.42,pla,her,pla,aut,top,pro,pol,1,3,2,18,0.48,0.07,
46,Pal,5,agr,0,0,725.42,pla,her,pla,aut,lan,lcp,pol,1,3,2,18,0.56,0.07,
46,Pal,5,agr,0,0,725.42,pla,her,pla,aut,lan,lcd,pol,1,3,2,18,0.40,0.07,
46,Pal,5,agr,0,0,725.42,pla,her,pla,aut,lan,pat,pol,1,3,2,18,0.69,0.07,
46,Pal,5,agr,0,0,725.42,pla,her,pla,aut,top,pro,pol,1,3,2,18,0.48,0.07,
47,Afr,12,for,0,0,1437.80,pla,her,pla,aut,cli,cli,pol,0,4,3,9,-0.54,0.17,
48,Afr,10,for,1,1,1479.11,mam,ani,end,mix,veg,pla,plo,1,1,1,9,0.91,0.17,
48,Afr,8,for,1,1,1598.25,mam,ani,end,mix,veg,pla,plo,1,1,2,9,1.29,0.17,
48,Afr,10,for,1,1,1479.11,mam,ani,end,mix,veg,ved,plo,1,1,1,9,1.02,0.17,
48,Afr,8,for,1,1,1598.25,mam,ani,end,mix,veg,ved,plo,1,1,2,9,0.68,0.17,
49,Aus,5,for,0,0,1382.87,mam,ani,end,mix,veg,pla,plo,1,1,1,51,0.51,0.02,
49,Aus,5,for,0,0,1382.87,mam,ani,end,mix,veg,pla,plo,1,1,1,51,0.24,0.02,
49,Aus,5,for,0,0,1382.87,mam,ani,end,mix,lan,lcp,plo,1,1,1,51,0.34,0.02,
49,Aus,5,for,0,0,1382.87,mam,ani,end,mix,lan,pat,plo,1,1,1,51,-0.13,0.02,
49,Aus,5,for,0,0,1382.87,her,ani,ect,mix,soi,sov,plo,1,1,1,51,0.30,0.02,
49,Aus,5,for,0,0,1382.87,her,ani,ect,mix,soi,sod,plo,1,1,1,51,0.21,0.02,
49,Aus,5,for,0,0,1382.87,her,ani,ect,mix,lan,lcp,plo,1,1,1,51,0.30,0.02,
49,Aus,5,for,0,0,1382.87,her,ani,ect,mix,lan,pat,plo,1,1,1,51,-0.38,0.02,
50,Neo,8,for,0,1,1729.65,bir,ani,end,mix,lan,lcp,plo,1,3,3,7,1.03,0.25,
50,Neo,8,for,0,1,1729.65,bir,ani,end,mix,veg,pla,plo,1,3,3,7,0.84,0.25,
50,Neo,8,for,0,1,1729.65,bir,ani,end,mix,veg,pla,plo,1,3,3,7,0.99,0.25,
50,Neo,8,for,0,1,1729.65,bir,ani,end,mix,veg,pla,plo,1,3,3,7,0.14,0.25,
50,Neo,8,for,0,1,1729.65,bir,ani,end,mix,veg,pla,plo,1,3,3,7,1.05,0.25,
50,Neo,8,for,0,1,1729.65,bir,ani,end,mix,veg,pla,plo,1,3,3,7,0.23,0.25,
50,Neo,8,for,0,1,1729.65,bir,ani,end,mix,veg,pla,plo,1,3,3,7,0.18,0.25,
50,Neo,8,for,0,1,1729.65,bir,ani,end,mix,veg,ved,plo,1,3,3,7,0.02,0.25,
50,Neo,8,for,0,1,1729.65,bir,ani,end,mix,veg,ved,plo,1,3,3,7,0.09,0.25,
50,Neo,8,for,0,1,1729.65,bir,ani,end,mix,veg,ved,plo,1,3,3,7,0.28,0.25,
50,Neo,8,for,0,1,1729.65,bir,ani,end,mix,veg,ved,plo,1,3,3,7,-0.16,0.25,
50,Neo,8,for,0,1,1729.65,bir,ani,end,mix,veg,ved,plo,1,3,3,7,1.39,0.25,
50,Neo,8,for,0,1,1729.65,bir,ani,end,mix,veg,ved,plo,1,3,3,7,1.35,0.25,
50,Neo,8,for,0,1,1729.65,bir,ani,end,mix,veg,ved,plo,1,3,3,7,0.67,0.25,
50,Neo,8,for,0,1,1729.65,bir,ani,end,mix,veg,ved,plo,1,3,3,7,0.73,0.25,
50,Neo,8,for,0,1,1729.65,bir,ani,end,mix,lan,lcp,plo,1,3,3,7,1.06,0.25,
50,Neo,8,for,0,1,1729.65,bir,ani,end,mix,veg,pla,plo,1,3,3,7,0.90,0.25,
50,Neo,8,for,0,1,1729.65,bir,ani,end,mix,veg,pla,plo,1,3,3,7,1.06,0.25,
50,Neo,8,for,0,1,1729.65,bir,ani,end,mix,veg,pla,plo,1,3,3,7,0.18,0.25,
50,Neo,8,for,0,1,1729.65,bir,ani,end,mix,veg,pla,plo,1,3,3,7,1.03,0.25,
50,Neo,8,for,0,1,1729.65,bir,ani,end,mix,veg,pla,plo,1,3,3,7,0.19,0.25,
50,Neo,8,for,0,1,1729.65,bir,ani,end,mix,veg,pla,plo,1,3,3,7,0.22,0.25,
50,Neo,8,for,0,1,1729.65,bir,ani,end,mix,veg,ved,plo,1,3,3,7,0.37,0.25,
50,Neo,8,for,0,1,1729.65,bir,ani,end,mix,veg,ved,plo,1,3,3,7,0.11,0.25,
50,Neo,8,for,0,1,1729.65,bir,ani,end,mix,veg,ved,plo,1,3,3,7,0.30,0.25,
50,Neo,8,for,0,1,1729.65,bir,ani,end,mix,veg,ved,plo,1,3,3,7,-0.14,0.25,
50,Neo,8,for,0,1,1729.65,bir,ani,end,mix,veg,ved,plo,1,3,3,7,1.28,0.25,
50,Neo,8,for,0,1,1729.65,bir,ani,end,mix,veg,ved,plo,1,3,3,7,1.48,0.25,
50,Neo,8,for,0,1,1729.65,bir,ani,end,mix,veg,ved,plo,1,3,3,7,0.53,0.25,
50,Neo,8,for,0,1,1729.65,bir,ani,end,mix,veg,ved,plo,1,3,3,7,0.78,0.25,
50,Neo,8,for,0,1,1729.65,bir,ani,end,fru,lan,lcp,plo,1,3,3,7,1.18,0.25,
50,Neo,8,for,0,1,1729.65,bir,ani,end,fru,veg,pla,plo,1,3,3,7,0.63,0.25,
50,Neo,8,for,0,1,1729.65,bir,ani,end,fru,veg,pla,plo,1,3,3,7,0.58,0.25,
50,Neo,8,for,0,1,1729.65,bir,ani,end,fru,veg,pla,plo,1,3,3,7,0.26,0.25,
50,Neo,8,for,0,1,1729.65,bir,ani,end,fru,veg,pla,plo,1,3,3,7,2.15,0.25,
50,Neo,8,for,0,1,1729.65,bir,ani,end,fru,veg,pla,plo,1,3,3,7,0.65,0.25,
50,Neo,8,for,0,1,1729.65,bir,ani,end,fru,veg,pla,plo,1,3,3,7,-0.09,0.25,
50,Neo,8,for,0,1,1729.65,bir,ani,end,fru,veg,ved,plo,1,3,3,7,-0.53,0.25,
50,Neo,8,for,0,1,1729.65,bir,ani,end,fru,veg,ved,plo,1,3,3,7,0.61,0.25,
50,Neo,8,for,0,1,1729.65,bir,ani,end,fru,veg,ved,plo,1,3,3,7,0.07,0.25,
50,Neo,8,for,0,1,1729.65,bir,ani,end,fru,veg,ved,plo,1,3,3,7,-0.07,0.25,
50,Neo,8,for,0,1,1729.65,bir,ani,end,fru,veg,ved,plo,1,3,3,7,1.03,0.25,
50,Neo,8,for,0,1,1729.65,bir,ani,end,fru,veg,ved,plo,1,3,3,7,1.01,0.25,
50,Neo,8,for,0,1,1729.65,bir,ani,end,fru,veg,ved,plo,1,3,3,7,0.50,0.25,
50,Neo,8,for,0,1,1729.65,bir,ani,end,fru,veg,ved,plo,1,3,3,7,0.75,0.25,
50,Neo,8,for,0,1,1729.65,bir,ani,end,mix,lan,lcp,plo,1,3,3,7,0.97,0.25,
50,Neo,8,for,0,1,1729.65,bir,ani,end,mix,veg,pla,plo,1,3,3,7,0.18,0.25,
50,Neo,8,for,0,1,1729.65,bir,ani,end,mix,veg,pla,plo,1,3,3,7,0.22,0.25,
50,Neo,8,for,0,1,1729.65,bir,ani,end,mix,veg,pla,plo,1,3,3,7,-0.38,0.25,
50,Neo,8,for,0,1,1729.65,bir,ani,end,mix,veg,pla,plo,1,3,3,7,1.03,0.25,
50,Neo,8,for,0,1,1729.65,bir,ani,end,mix,veg,pla,plo,1,3,3,7,0.41,0.25,
50,Neo,8,for,0,1,1729.65,bir,ani,end,mix,veg,pla,plo,1,3,3,7,-0.37,0.25,
50,Neo,8,for,0,1,1729.65,bir,ani,end,mix,veg,ved,plo,1,3,3,7,-0.29,0.25,
50,Neo,8,for,0,1,1729.65,bir,ani,end,mix,veg,ved,plo,1,3,3,7,-0.46,0.25,
50,Neo,8,for,0,1,1729.65,bir,ani,end,mix,veg,ved,plo,1,3,3,7,0.20,0.25,
50,Neo,8,for,0,1,1729.65,bir,ani,end,mix,veg,ved,plo,1,3,3,7,0.20,0.25,
50,Neo,8,for,0,1,1729.65,bir,ani,end,mix,veg,ved,plo,1,3,3,7,0.83,0.25,
50,Neo,8,for,0,1,1729.65,bir,ani,end,mix,veg,ved,plo,1,3,3,7,0.63,0.25,
50,Neo,8,for,0,1,1729.65,bir,ani,end,mix,veg,ved,plo,1,3,3,7,1.13,0.25,
50,Neo,8,for,0,1,1729.65,bir,ani,end,mix,veg,ved,plo,1,3,3,7,0.32,0.25,
51,Neo,9,gra,0,1,1747.69,inv,ani,ect,her,veg,pla,tra,0,1,1,12,0.68,0.11,
51,Neo,9,gra,0,1,1747.69,inv,ani,ect,her,veg,pla,tra,0,1,1,12,1.23,0.11,
51,Neo,9,gra,0,1,1747.69,inv,ani,ect,her,veg,pla,tra,0,1,1,12,0.79,0.11,
51,Neo,9,gra,0,1,1747.69,inv,ani,ect,her,veg,pla,tra,0,1,1,12,0.79,0.11,
52,Pal,3,mon,0,0,1087.58,inv,ani,ect,mix,veg,pla,plo,1,1,2,60,0.38,0.02,
52,Pal,3,mon,0,0,1087.58,inv,ani,ect,mix,veg,pla,plo,1,1,2,6,1.00,0.33,
52,Pal,3,mon,0,0,1087.58,inv,ani,ect,mix,veg,pla,plo,1,1,2,12,0.44,0.11,
52,Pal,3,mon,0,0,1087.58,inv,ani,ect,mix,veg,ved,plo,1,1,2,6,0.10,0.33,
52,Pal,3,mon,0,0,1087.58,inv,ani,ect,mix,veg,ved,plo,1,1,2,12,0.00,0.11,
52,Pal,3,mon,0,0,1087.58,inv,ani,ect,mix,veg,ved,plo,1,1,2,60,0.39,0.02,
53,Pal,3,for,1,0,921.56,inv,ani,ect,her,veg,pla,plo,1,1,2,16,0.85,0.08,
53,Pal,3,for,1,0,921.56,inv,ani,ect,car,veg,pla,plo,1,1,2,16,-0.21,0.08,
54,Pal,12,mix,0,0,732.66,bir,ani,end,mix,lan,lcd,gri,1,4,3,328,0.33,0.00,
55,Pal,5,mix,1,0,523.72,bir,ani,end,mix,lan,lcd,isl,0,2,1,44,1.58,0.02,
55,Pal,5,mix,1,0,523.72,bir,ani,end,mix,lan,lcd,isl,0,2,1,44,1.09,0.02,
56,Afr,12,mix,1,1,1372.95,bir,ani,end,mix,top,ele,isl,0,4,3,5,1.37,0.50,
57,mix,12,mix,1,1,1533.90,bir,ani,end,mix,top,ele,isl,0,4,4,22,1.16,0.05,
57,Oce,12,mix,1,1,1497.67,bir,ani,end,mix,top,ele,isl,0,4,4,25,0.85,0.05,
57,Neo,12,mix,1,1,1556.33,bir,ani,end,mix,top,ele,isl,0,4,4,12,0.54,0.11,
58,Pal,5,mix,1,0,550.28,pla,mix,pla,aut,lan,lcd,isl,0,2,1,82,1.06,0.01,
58,Pal,5,mix,1,0,559.30,pla,mix,pla,aut,lan,lcd,isl,0,2,1,78,1.50,0.01,
59,Nea,6,for,0,0,993.07,pla,mix,pla,aut,mix,mix,plo,1,1,2,20,0.51,0.06,
59,Nea,6,for,0,0,1115.38,pla,mix,pla,aut,mix,mix,plo,1,1,2,10,1.57,0.14,
60,Neo,2,mix,1,1,1304.57,bir,ani,end,mix,veg,pla,isl,0,4,3,15,1.60,0.08,
60,Neo,2,mix,1,1,1304.57,bir,ani,end,mix,veg,pla,isl,0,4,3,15,1.21,0.08,
60,Neo,2,mix,1,1,1304.57,bir,ani,end,mix,veg,pla,isl,0,4,3,15,1.27,0.08,
60,Neo,2,mix,1,1,1304.57,bir,ani,end,mix,top,ele,isl,0,4,3,15,1.24,0.08,
61,Nea,12,mix,0,0,1325.23,inv,ani,ect,her,veg,pla,pol,0,4,3,93,0.45,0.01,
61,Nea,12,mix,0,0,1325.23,inv,ani,ect,her,veg,pla,pol,0,4,3,93,0.66,0.01,
61,Nea,12,mix,0,0,1325.23,inv,ani,ect,her,veg,pla,pol,0,4,3,93,0.69,0.01,
62,Aus,12,mix,1,1,1516.45,pla,mix,pla,aut,top,ele,isl,0,2,3,82,0.83,0.01,
63,Neo,12,mix,1,1,1389.92,her,ani,ect,car,lan,lcd,isl,0,4,3,33,0.93,0.03,
64,Neo,10,for,0,1,1359.00,pla,her,pla,aut,veg,ved,plo,1,1,1,6,0.11,0.33,
65,Pal,5,agr,0,0,697.18,pla,mix,pla,aut,top,pro,pol,1,2,2,12,1.50,0.11,
65,Pal,5,agr,0,0,697.18,pla,mix,pla,aut,top,ele,pol,1,2,2,12,1.08,0.11,
66,Neo,10,for,0,1,1251.73,pla,shr,pla,aut,soi,sov,plo,1,1,1,15,0.97,0.08,
66,Neo,10,for,0,1,1251.73,pla,shr,pla,aut,soi,sov,plo,1,1,1,15,0.59,0.08,
66,Neo,10,for,0,1,1251.73,pla,shr,pla,aut,soi,sov,plo,1,1,1,15,0.42,0.08,
66,Neo,10,for,0,1,1251.73,pla,shr,pla,aut,soi,sov,plo,1,1,1,15,0.79,0.08,
67,Pal,5,mix,0,0,684.66,pla,mix,pla,aut,lan,lcd,gri,1,3,2,89,0.78,0.01,
68,Neo,12,mix,0,1,1610.14,mam,ani,end,omn,lan,lcd,plo,1,1,1,10,0.59,0.14,
69,Pal,5,agr,1,0,616.09,inv,ani,ect,mix,veg,vec,plo,1,1,3,6,0.93,0.33,
69,Pal,5,agr,1,0,616.09,inv,ani,ect,mix,veg,vec,plo,1,1,3,6,0.28,0.33,
69,Pal,5,agr,1,0,616.09,inv,ani,ect,mix,veg,vec,plo,1,1,3,6,-0.05,0.33,
69,Pal,5,agr,1,0,616.09,inv,ani,ect,mix,veg,vec,plo,1,1,3,6,0.33,0.33,
69,Pal,5,agr,1,0,616.09,inv,ani,ect,mix,veg,pla,plo,1,1,3,6,0.16,0.33,
69,Pal,5,agr,1,0,616.09,inv,ani,ect,mix,veg,pla,plo,1,1,3,6,0.62,0.33,
69,Pal,5,agr,1,0,616.09,inv,ani,ect,mix,veg,pla,plo,1,1,3,6,-0.81,0.33,
69,Pal,5,agr,1,0,616.09,inv,ani,ect,car,veg,vec,plo,1,1,3,6,-0.46,0.33,
69,Pal,5,agr,1,0,616.09,inv,ani,ect,car,veg,vec,plo,1,1,3,6,0.13,0.33,
69,Pal,5,agr,1,0,616.09,inv,ani,ect,car,veg,vec,plo,1,1,3,6,0.09,0.33,
69,Pal,5,agr,1,0,616.09,inv,ani,ect,car,veg,vec,plo,1,1,3,6,0.00,0.33,
69,Pal,5,agr,1,0,616.09,inv,ani,ect,car,veg,pla,plo,1,1,3,6,-0.31,0.33,
69,Pal,5,agr,1,0,616.09,inv,ani,ect,car,veg,pla,plo,1,1,3,6,-0.09,0.33,
69,Pal,5,agr,1,0,616.09,inv,ani,ect,car,veg,pla,plo,1,1,3,6,0.40,0.33,
69,Pal,5,agr,1,0,616.09,inv,ani,ect,mix,veg,vec,plo,1,1,3,6,0.17,0.33,
69,Pal,5,agr,1,0,616.09,inv,ani,ect,mix,veg,vec,plo,1,1,3,6,0.55,0.33,
69,Pal,5,agr,1,0,616.09,inv,ani,ect,mix,veg,vec,plo,1,1,3,6,-0.50,0.33,
69,Pal,5,agr,1,0,616.09,inv,ani,ect,mix,veg,vec,plo,1,1,3,6,-0.51,0.33,
69,Pal,5,agr,1,0,616.09,inv,ani,ect,mix,veg,pla,plo,1,1,3,6,0.79,0.33,
69,Pal,5,agr,1,0,616.09,inv,ani,ect,mix,veg,pla,plo,1,1,3,6,0.30,0.33,
69,Pal,5,agr,1,0,616.09,inv,ani,ect,mix,veg,pla,plo,1,1,3,6,-0.29,0.33,
69,Pal,5,agr,1,0,616.09,inv,ani,ect,car,veg,vec,plo,1,1,3,6,0.23,0.33,
69,Pal,5,agr,1,0,616.09,inv,ani,ect,car,veg,vec,plo,1,1,3,6,-0.04,0.33,
69,Pal,5,agr,1,0,616.09,inv,ani,ect,car,veg,vec,plo,1,1,3,6,-0.46,0.33,
69,Pal,5,agr,1,0,616.09,inv,ani,ect,car,veg,vec,plo,1,1,3,6,-0.08,0.33,
69,Pal,5,agr,1,0,616.09,inv,ani,ect,car,veg,pla,plo,1,1,3,6,0.18,0.33,
69,Pal,5,agr,1,0,616.09,inv,ani,ect,car,veg,pla,plo,1,1,3,6,-0.04,0.33,
69,Pal,5,agr,1,0,616.09,inv,ani,ect,car,veg,pla,plo,1,1,3,6,0.20,0.33,
70,Pal,5,for,1,0,1035.20,pla,shr,pla,aut,top,ele,pol,0,3,2,5,0.31,0.50,
70,Pal,5,for,1,0,1035.20,pla,shr,pla,aut,top,ele,pol,0,3,2,5,0.33,0.50,
70,Pal,5,for,1,0,1035.20,pla,her,pla,aut,top,ele,pol,0,3,2,5,0.63,0.50,
70,Pal,5,for,1,0,1035.20,pla,her,pla,aut,top,ele,pol,0,3,2,5,0.73,0.50,
71,Pal,4,mix,0,0,1020.49,pla,mix,pla,aut,lan,lcd,plo,1,2,1,22,0.87,0.05,
72,Pal,3,mix,0,0,1073.69,inv,ani,ect,car,veg,vec,plo,1,2,2,15,0.61,0.08,
72,Pal,3,mix,0,0,1073.69,inv,ani,ect,car,veg,vec,plo,1,2,2,15,0.62,0.08,
72,Pal,3,mix,0,0,1073.69,inv,ani,ect,car,veg,vec,plo,1,2,2,15,0.69,0.08,
73,Pal,12,mix,1,0,601.03,pla,mix,pla,aut,top,ele,isl,0,4,3,42,0.73,0.03,
73,Pal,12,mix,1,0,601.03,pla,mix,pla,aut,soi,sod,isl,0,4,3,42,1.03,0.03,
74,Nea,12,for,0,0,1141.83,bir,ani,end,mix,top,ele,plo,0,4,4,31,0.49,0.04,
74,Nea,12,for,0,0,1141.83,bir,ani,end,mix,veg,pla,plo,0,4,4,31,1.90,0.04,
75,Nea,5,mix,0,0,998.33,mam,ani,end,mix,top,ele,gri,1,4,3,211,0.55,0.00,
76,Pal,5,mix,1,0,544.95,pla,her,pla,aut,lan,lcd,isl,0,2,2,32,1.42,0.03,
77,Pal,3,mix,1,0,1054.96,pla,mix,pla,aut,top,ele,isl,0,3,3,201,0.98,0.01,
77,Pal,3,mix,1,0,1054.96,pla,mix,pla,aut,soi,sod,isl,0,3,3,201,0.53,0.01,
77,Pal,3,mix,1,0,1054.96,pla,mix,pla,aut,top,ele,isl,0,3,3,64,0.79,0.02,
77,Pal,3,mix,1,0,1054.96,pla,mix,pla,aut,soi,sod,isl,0,3,3,64,0.32,0.02,
77,Pal,3,mix,1,0,1054.96,pla,mix,pla,aut,top,ele,isl,0,3,3,35,0.84,0.03,
77,Pal,3,mix,1,0,1054.96,pla,mix,pla,aut,soi,sod,isl,0,3,3,35,0.37,0.03,
77,Pal,3,mix,1,0,1054.96,pla,mix,pla,aut,top,ele,isl,0,3,3,19,1.11,0.06,
77,Pal,3,mix,1,0,1054.96,pla,mix,pla,aut,soi,sod,isl,0,3,3,19,0.55,0.06,
78,Nea,7,for,0,0,1060.26,bir,ani,end,mix,veg,vec,plo,0,2,1,4,1.68,1.00,
78,Nea,9,gra,0,0,1431.32,bir,ani,end,mix,veg,vec,plo,0,2,3,4,-0.72,1.00,
78,Neo,10,mix,0,1,1497.37,bir,ani,end,mix,veg,vec,plo,0,2,1,7,2.25,0.25,
79,Pal,3,mix,0,0,890.62,bir,ani,end,omn,veg,vec,plo,0,2,1,16,0.41,0.08,
80,Afr,12,xer,0,0,1390.63,mam,ani,end,mix,veg,vec,plo,1,1,3,6,1.38,0.33,
80,Afr,12,xer,0,0,1390.63,mam,ani,end,mix,veg,vec,plo,1,1,3,6,2.18,0.33,
80,Afr,12,xer,0,0,1390.63,mam,ani,end,mix,veg,vec,plo,1,1,3,6,1.51,0.33,
80,Afr,12,xer,0,0,1390.63,mam,ani,end,mix,veg,vec,plo,1,1,3,6,1.61,0.33,
80,Afr,12,xer,0,0,1390.63,mam,ani,end,mix,veg,vec,plo,1,1,3,6,2.44,0.33,
80,Afr,12,xer,0,0,1390.63,mam,ani,end,mix,top,mic,plo,1,1,3,6,2.21,0.33,
81,Nea,12,mix,0,0,1217.72,mam,ani,end,mix,top,ele,gri,0,4,4,130,1.12,0.01,
81,Nea,12,mix,0,0,516.77,mam,ani,end,mix,top,ele,gri,0,4,4,206,0.31,0.00,
81,Nea,12,mix,0,0,1217.72,mam,ani,end,mix,cli,cli,gri,0,4,4,130,0.36,0.01,
81,Nea,12,mix,0,0,516.77,mam,ani,end,mix,cli,cli,gri,0,4,4,206,0.18,0.00,
81,Nea,12,mix,0,0,1217.72,mam,ani,end,mix,cli,cli,gri,0,4,4,130,0.72,0.01,
81,Nea,12,mix,0,0,516.77,mam,ani,end,mix,cli,cli,gri,0,4,4,206,0.61,0.00,
82,Nea,12,mix,0,0,712.01,inv,ani,ect,mix,cli,cli,gri,0,4,4,336,0.54,0.00,
84,Afr,12,mix,0,1,1836.67,bir,ani,end,mix,top,ele,gri,0,4,4,1737,0.44,0.00,
84,Afr,12,mix,0,1,1836.67,bir,ani,end,mix,lan,lcd,gri,0,4,4,1737,0.81,0.00,
84,Afr,12,mix,0,1,1836.67,bir,ani,end,mix,veg,pla,gri,0,4,4,1737,0.68,0.00,
84,Afr,12,mix,0,1,1836.67,bir,ani,end,fru,top,ele,gri,0,4,4,1737,0.19,0.00,
84,Afr,12,mix,0,1,1836.67,bir,ani,end,fru,lan,lcd,gri,0,4,4,1737,0.65,0.00,
84,Afr,12,mix,0,1,1836.67,bir,ani,end,fru,veg,pla,gri,0,4,4,1737,1.42,0.00,
84,Afr,12,mix,0,1,1836.67,bir,ani,end,fru,top,ele,gri,0,4,4,1737,0.35,0.00,
84,Afr,12,mix,0,1,1836.67,bir,ani,end,fru,lan,lcd,gri,0,4,4,1737,0.83,0.00,
84,Afr,12,mix,0,1,1836.67,bir,ani,end,fru,veg,pla,gri,0,4,4,1737,0.91,0.00,
84,Afr,12,mix,0,1,1836.67,bir,ani,end,mix,top,ele,gri,0,4,4,1737,0.39,0.00,
84,Afr,12,mix,0,1,1836.67,bir,ani,end,mix,lan,lcd,gri,0,4,4,1737,0.79,0.00,
84,Afr,12,mix,0,1,1836.67,bir,ani,end,mix,veg,pla,gri,0,4,4,1737,0.73,0.00,
83,Afr,12,mix,0,1,1885.53,bir,ani,end,mix,top,ele,gri,1,4,3,160,0.68,0.01,
83,Afr,12,mix,0,1,1885.53,bir,ani,end,mix,lan,lcd,gri,1,4,3,160,0.65,0.01,
83,Afr,12,mix,0,1,1885.53,pla,shr,pla,aut,top,ele,gri,1,4,3,160,0.58,0.01,
83,Afr,12,mix,0,1,1885.53,pla,shr,pla,aut,lan,lcd,gri,1,4,3,160,0.68,0.01,
83,Afr,12,mix,0,1,1885.53,bir,ani,end,mix,veg,pla,gri,1,4,3,160,1.13,0.01,
83,Afr,12,mix,0,1,1885.53,pla,shr,pla,aut,top,ele,gri,1,4,3,160,0.56,0.01,
83,Afr,12,mix,0,1,1885.53,pla,shr,pla,aut,lan,lcd,gri,1,4,3,160,0.68,0.01,
83,Afr,12,mix,0,1,1885.53,pla,shr,pla,aut,top,ele,gri,1,4,3,160,0.58,0.01,
83,Afr,12,mix,0,1,1885.53,pla,shr,pla,aut,lan,lcd,gri,1,4,3,160,0.63,0.01,
83,Afr,12,mix,0,1,1885.53,bir,ani,end,mix,veg,pla,gri,1,4,3,160,1.07,0.01,
83,Afr,12,mix,0,1,1885.53,bir,ani,end,mix,veg,pla,gri,1,4,3,160,1.10,0.01,
83,Afr,12,mix,0,1,1885.53,bir,ani,end,mix,veg,pla,gri,1,4,3,160,0.81,0.01,
83,Afr,12,mix,0,1,1885.53,bir,ani,end,fru,top,ele,gri,1,4,3,160,0.69,0.01,
83,Afr,12,mix,0,1,1885.53,bir,ani,end,fru,lan,lcd,gri,1,4,3,160,0.74,0.01,
83,Afr,12,mix,0,1,1885.53,bir,ani,end,fru,veg,pla,gri,1,4,3,160,1.26,0.01,
83,Afr,12,mix,0,1,1885.53,bir,ani,end,fru,veg,pla,gri,1,4,3,160,1.26,0.01,
83,Afr,12,mix,0,1,1885.53,bir,ani,end,fru,veg,pla,gri,1,4,3,160,1.19,0.01,
83,Afr,12,mix,0,1,1885.53,bir,ani,end,fru,veg,pla,gri,1,4,3,160,0.91,0.01,
83,Afr,12,mix,0,1,1885.53,bir,ani,end,fru,top,ele,gri,1,4,3,160,0.71,0.01,
83,Afr,12,mix,0,1,1885.53,bir,ani,end,fru,lan,lcd,gri,1,4,3,160,0.68,0.01,
83,Afr,12,mix,0,1,1885.53,bir,ani,end,fru,veg,pla,gri,1,4,3,160,1.16,0.01,
83,Afr,12,mix,0,1,1885.53,bir,ani,end,fru,veg,pla,gri,1,4,3,160,1.16,0.01,
83,Afr,12,mix,0,1,1885.53,bir,ani,end,fru,veg,pla,gri,1,4,3,160,1.13,0.01,
83,Afr,12,mix,0,1,1885.53,bir,ani,end,fru,veg,pla,gri,1,4,3,160,0.85,0.01,
83,Afr,12,mix,0,1,1885.53,bir,ani,end,mix,top,ele,gri,1,4,3,160,0.69,0.01,
83,Afr,12,mix,0,1,1885.53,bir,ani,end,mix,lan,lcd,gri,1,4,3,160,0.63,0.01,
83,Afr,12,mix,0,1,1885.53,bir,ani,end,mix,veg,pla,gri,1,4,3,160,1.05,0.01,
83,Afr,12,mix,0,1,1885.53,bir,ani,end,mix,veg,pla,gri,1,4,3,160,1.00,0.01,
83,Afr,12,mix,0,1,1885.53,bir,ani,end,mix,veg,pla,gri,1,4,3,160,1.07,0.01,
83,Afr,12,mix,0,1,1885.53,bir,ani,end,mix,veg,pla,gri,1,4,3,160,0.76,0.01,
83,Afr,12,mix,0,1,1885.53,bir,ani,end,mix,top,ele,gri,1,4,3,160,0.65,0.01,
83,Afr,12,mix,0,1,1885.53,bir,ani,end,mix,lan,lcd,gri,1,4,3,160,0.63,0.01,
83,Afr,12,mix,0,1,1885.53,bir,ani,end,mix,veg,pla,gri,1,4,3,160,1.07,0.01,
83,Afr,12,mix,0,1,1885.53,bir,ani,end,mix,veg,pla,gri,1,4,3,160,1.05,0.01,
83,Afr,12,mix,0,1,1885.53,bir,ani,end,mix,veg,pla,gri,1,4,3,160,1.07,0.01,
83,Afr,12,mix,0,1,1885.53,bir,ani,end,mix,veg,pla,gri,1,4,3,160,0.79,0.01,
85,Aus,12,mix,0,0,1535.42,mam,ani,end,mix,veg,pla,pol,0,3,3,22,0.45,0.05,
85,Aus,12,mix,0,0,1535.42,mam,ani,end,mix,lan,lcd,pol,0,3,3,22,0.30,0.05,
85,Aus,12,mix,0,0,1535.42,mam,ani,end,mix,lan,lcd,pol,0,3,3,22,0.62,0.05,
85,Aus,12,mix,0,0,1535.42,mam,ani,end,mix,veg,vec,pol,0,3,3,22,0.63,0.05,
85,Aus,12,mix,0,0,1535.42,mam,ani,end,mix,veg,pla,pol,0,3,3,22,0.71,0.05,
85,Aus,12,mix,0,0,1535.42,mam,ani,end,mix,lan,lcd,pol,0,3,3,22,0.41,0.05,
85,Aus,12,mix,0,0,1535.42,mam,ani,end,mix,lan,lcd,pol,0,3,3,22,0.74,0.05,
85,Aus,12,mix,0,0,1535.42,mam,ani,end,mix,veg,vec,pol,0,3,3,22,0.81,0.05,
85,Aus,12,mix,0,0,1535.42,bir,ani,end,mix,veg,pla,pol,0,3,3,22,0.84,0.05,
85,Aus,12,mix,0,0,1535.42,bir,ani,end,mix,lan,lcd,pol,0,3,3,22,0.77,0.05,
85,Aus,12,mix,0,0,1535.42,bir,ani,end,mix,lan,lcd,pol,0,3,3,22,0.71,0.05,
85,Aus,12,mix,0,0,1535.42,bir,ani,end,mix,veg,vec,pol,0,3,3,22,0.77,0.05,
85,Aus,12,mix,0,0,1535.42,bir,ani,end,mix,veg,pla,pol,0,3,3,22,0.59,0.05,
85,Aus,12,mix,0,0,1535.42,bir,ani,end,mix,lan,lcd,pol,0,3,3,22,0.42,0.05,
85,Aus,12,mix,0,0,1535.42,bir,ani,end,mix,lan,lcd,pol,0,3,3,22,0.68,0.05,
85,Aus,12,mix,0,0,1535.42,bir,ani,end,mix,veg,vec,pol,0,3,3,22,0.76,0.05,
85,Aus,12,mix,0,0,1535.42,her,ani,ect,mix,veg,pla,pol,0,3,3,22,0.78,0.05,
85,Aus,12,mix,0,0,1535.42,her,ani,ect,mix,lan,lcd,pol,0,3,3,22,1.04,0.05,
85,Aus,12,mix,0,0,1535.42,her,ani,ect,mix,lan,lcd,pol,0,3,3,22,0.64,0.05,
85,Aus,12,mix,0,0,1535.42,her,ani,ect,mix,veg,vec,pol,0,3,3,22,0.66,0.05,
85,Aus,12,mix,0,0,1535.42,her,ani,ect,mix,veg,pla,pol,0,3,3,22,0.71,0.05,
85,Aus,12,mix,0,0,1535.42,her,ani,ect,mix,lan,lcd,pol,0,3,3,22,0.42,0.05,
85,Aus,12,mix,0,0,1535.42,her,ani,ect,mix,lan,lcd,pol,0,3,3,22,0.81,0.05,
85,Aus,12,mix,0,0,1535.42,her,ani,ect,mix,veg,vec,pol,0,3,3,22,0.66,0.05,
85,Aus,12,mix,0,0,1535.42,mix,ani,mix,mix,veg,pla,pol,0,3,3,22,0.85,0.05,
85,Aus,12,mix,0,0,1535.42,mix,ani,mix,mix,lan,lcd,pol,0,3,3,22,0.52,0.05,
85,Aus,12,mix,0,0,1535.42,mix,ani,mix,mix,lan,lcd,pol,0,3,3,22,0.94,0.05,
85,Aus,12,mix,0,0,1535.42,mix,ani,mix,mix,veg,vec,pol,0,3,3,22,0.95,0.05,
85,Aus,12,mix,0,0,1535.42,mix,ani,mix,mix,veg,pla,pol,0,3,3,22,0.90,0.05,
85,Aus,12,mix,0,0,1535.42,mix,ani,mix,mix,lan,lcd,pol,0,3,3,22,0.90,0.05,
85,Aus,12,mix,0,0,1535.42,mix,ani,mix,mix,lan,lcd,pol,0,3,3,22,0.83,0.05,
85,Aus,12,mix,0,0,1535.42,mix,ani,mix,mix,veg,vec,pol,0,3,3,22,0.89,0.05,
85,Aus,12,mix,0,0,1535.42,mix,ani,mix,mix,veg,pla,pol,0,3,3,22,1.12,0.05,
85,Aus,12,mix,0,0,1535.42,mix,ani,mix,mix,lan,lcd,pol,0,3,3,22,0.85,0.05,
85,Aus,12,mix,0,0,1535.42,mix,ani,mix,mix,lan,lcd,pol,0,3,3,22,1.12,0.05,
85,Aus,12,mix,0,0,1535.42,mix,ani,mix,mix,veg,vec,pol,0,3,3,22,1.16,0.05,
86,mix,12,mix,0,0,1004.49,inv,ani,ect,her,top,ele,plo,1,4,4,1822,0.11,0.00,
87,Ind,10,for,1,1,1539.12,pla,mix,pla,aut,lan,lcd,isl,0,2,1,17,0.32,0.07,
87,Ind,10,for,1,1,1539.12,pla,mix,pla,aut,top,ele,isl,0,2,1,17,0.35,0.07,
87,Ind,10,for,1,1,1539.12,inv,ani,ect,her,lan,lcd,isl,0,2,1,17,0.51,0.07,
87,Ind,10,for,1,1,1539.12,inv,ani,ect,her,top,ele,isl,0,2,1,17,-0.05,0.07,
87,Ind,10,for,1,1,1539.12,bir,ani,end,mix,lan,lcd,isl,0,2,1,17,0.51,0.07,
87,Ind,10,for,1,1,1539.12,bir,ani,end,mix,top,ele,isl,0,2,1,17,0.40,0.07,
88,Pal,5,mix,1,0,394.73,pla,mix,pla,aut,lan,lcd,isl,0,2,1,47,1.77,0.02,
89,Pal,5,mix,1,0,549.96,inv,ani,ect,mix,lan,lcd,isl,0,3,1,24,0.25,0.05,
91,Pal,5,gra,0,0,723.19,inv,ani,ect,her,lan,lcd,pol,0,2,2,32,0.47,0.03,
90,Pal,5,gra,0,0,723.19,pla,mix,pla,aut,lan,lcd,pol,1,2,2,31,0.16,0.04,
93,Neo,12,mix,0,1,1615.10,pla,shr,pla,aut,top,ele,gri,0,4,4,6638,0.01,0.00,
93,Neo,12,mix,0,1,1615.10,pla,shr,pla,aut,top,ele,gri,0,4,4,119,0.29,0.01,
92,mix,12,mix,1,1,1068.93,pla,mix,pla,aut,top,ele,isl,0,3,4,488,0.72,0.00,
92,mix,12,mix,0,1,1113.77,pla,mix,pla,aut,top,ele,pol,0,4,4,970,0.50,0.00,
92,mix,12,mix,0,1,1068.93,pla,mix,pla,aut,top,ele,pol,0,4,4,1458,0.85,0.00,
95,Nea,12,mix,0,0,716.19,pla,mix,pla,aut,top,pro,pol,1,3,1,79,-0.51,0.01,
95,Nea,12,mix,0,0,716.19,pla,mix,pla,aut,top,mic,pol,1,2,1,79,-0.46,0.01,
95,Nea,12,mix,0,0,716.19,pla,mix,pla,aut,top,pro,pol,1,2,1,79,0.30,0.01,
95,Nea,12,mix,0,0,716.19,pla,mix,pla,aut,lan,pat,pol,1,2,1,79,0.24,0.01,
95,Nea,12,mix,0,0,716.19,pla,mix,pla,aut,lan,pat,pol,1,2,1,79,0.33,0.01,
95,Nea,12,mix,0,0,716.19,pla,mix,pla,aut,lan,lcd,pol,1,2,1,79,0.31,0.01,
95,Nea,12,mix,0,0,716.19,pla,mix,pla,aut,lan,pat,pol,1,2,1,79,0.30,0.01,
95,Nea,12,mix,0,0,716.19,pla,mix,pla,aut,lan,pat,pol,1,2,1,79,0.22,0.01,
95,Nea,12,mix,0,0,716.19,pla,mix,pla,aut,lan,pat,pol,1,2,1,79,0.39,0.01,
95,Nea,12,mix,0,0,716.19,pla,mix,pla,aut,lan,lcd,pol,1,2,1,79,0.29,0.01,
95,Nea,12,mix,0,0,716.19,pla,mix,pla,aut,lan,pat,pol,1,2,1,79,0.23,0.01,
95,Nea,12,mix,0,0,716.19,pla,mix,pla,aut,lan,pat,pol,1,2,1,79,0.27,0.01,
95,Nea,12,mix,0,0,716.19,pla,mix,pla,aut,lan,pat,pol,1,2,1,79,0.23,0.01,
95,Nea,12,mix,0,0,716.19,pla,mix,pla,aut,lan,lcd,pol,1,2,1,79,0.29,0.01,
95,Nea,12,mix,0,0,716.19,pla,mix,pla,aut,lan,pat,pol,1,2,1,79,0.32,0.01,
95,Nea,12,mix,0,0,716.19,pla,mix,pla,aut,lan,pat,pol,1,2,1,79,0.45,0.01,
95,Nea,12,mix,0,0,716.19,pla,mix,pla,aut,lan,pat,pol,1,2,1,79,0.38,0.01,
95,Nea,12,mix,0,0,716.19,pla,mix,pla,aut,lan,lcd,pol,1,2,1,79,0.46,0.01,
95,Nea,12,mix,0,0,716.19,pla,mix,pla,aut,lan,pat,pol,1,2,1,79,0.30,0.01,
95,Nea,12,mix,0,0,716.19,pla,mix,pla,aut,lan,pat,pol,1,2,1,79,0.23,0.01,
95,Nea,12,mix,0,0,716.19,pla,mix,pla,aut,lan,pat,pol,1,2,1,79,0.26,0.01,
95,Nea,12,mix,0,0,716.19,pla,mix,pla,aut,lan,lcd,pol,1,2,1,79,0.20,0.01,
95,Nea,12,mix,0,0,716.19,pla,mix,pla,aut,lan,pat,pol,1,2,1,79,0.24,0.01,
95,Nea,12,mix,0,0,716.19,pla,mix,pla,aut,lan,pat,pol,1,2,1,79,0.30,0.01,
95,Nea,12,mix,0,0,716.19,pla,mix,pla,aut,lan,pat,pol,1,2,1,79,0.39,0.01,
95,Nea,12,mix,0,0,716.19,pla,mix,pla,aut,lan,lcd,pol,1,2,1,79,0.39,0.01,
95,Nea,12,mix,0,0,716.19,pla,mix,pla,aut,lan,pat,pol,1,2,1,79,0.32,0.01,
95,Nea,12,mix,0,0,716.19,pla,mix,pla,aut,lan,pat,pol,1,3,1,79,0.23,0.01,
95,Nea,12,mix,0,0,716.19,pla,mix,pla,aut,lan,pat,pol,1,3,1,79,0.24,0.01,
95,Nea,12,mix,0,0,716.19,pla,mix,pla,aut,lan,lcd,pol,1,3,1,79,0.27,0.01,
95,Nea,12,mix,0,0,716.19,pla,mix,pla,aut,lan,pat,pol,1,3,1,79,0.23,0.01,
95,Nea,12,mix,0,0,716.19,pla,mix,pla,aut,lan,pat,pol,1,3,1,79,0.23,0.01,
95,Nea,12,mix,0,0,716.19,pla,mix,pla,aut,lan,pat,pol,1,3,1,79,0.31,0.01,
95,Nea,12,mix,0,0,716.19,pla,mix,pla,aut,lan,lcd,pol,1,3,1,79,0.29,0.01,
95,Nea,12,mix,0,0,716.19,pla,mix,pla,aut,lan,pat,pol,1,3,1,79,0.08,0.01,
94,Nea,12,mix,0,0,716.19,inv,ani,ect,her,veg,pla,plo,1,1,2,76,0.45,0.01,
94,Nea,12,mix,0,0,716.19,inv,ani,ect,her,lan,lcd,gri,1,2,2,76,-0.38,0.01,
94,Nea,12,mix,0,0,716.19,inv,ani,ect,her,lan,pat,pol,1,3,2,76,0.39,0.01,
94,Nea,12,mix,0,0,716.19,inv,ani,ect,her,lan,pat,pol,1,3,2,76,0.14,0.01,
94,Nea,12,mix,0,0,716.19,inv,ani,ect,her,lan,pat,pol,1,3,2,76,0.21,0.01,
94,Nea,12,mix,0,0,716.19,inv,ani,ect,her,lan,pat,pol,1,3,2,76,0.30,0.01,
94,Nea,12,mix,0,0,716.19,inv,ani,ect,her,lan,pat,pol,1,3,2,76,0.32,0.01,
94,Nea,12,mix,0,0,716.19,inv,ani,ect,her,lan,lcp,pol,1,3,2,76,0.30,0.01,
94,Nea,12,mix,0,0,716.19,inv,ani,ect,her,lan,lcp,pol,1,3,2,76,0.26,0.01,
94,Nea,12,mix,0,0,716.19,inv,ani,ect,her,lan,lcp,pol,1,3,2,76,0.12,0.01,
94,Nea,12,mix,0,0,716.19,inv,ani,ect,her,top,pro,pol,1,3,2,76,-0.29,0.01,
94,Nea,12,mix,0,0,716.19,inv,ani,ect,her,top,mic,pol,1,3,2,76,0.44,0.01,
94,Nea,12,mix,0,0,716.19,inv,ani,ect,her,lan,pat,pol,1,3,2,76,0.37,0.01,
94,Nea,12,mix,0,0,716.19,inv,ani,ect,her,lan,pat,pol,1,3,2,76,0.23,0.01,
94,Nea,12,mix,0,0,716.19,inv,ani,ect,her,lan,pat,pol,1,3,2,76,0.22,0.01,
94,Nea,12,mix,0,0,716.19,inv,ani,ect,her,lan,pat,pol,1,3,2,76,0.31,0.01,
94,Nea,12,mix,0,0,716.19,inv,ani,ect,her,lan,pat,pol,1,3,2,76,0.33,0.01,
94,Nea,12,mix,0,0,716.19,inv,ani,ect,her,lan,lcp,pol,1,3,2,76,0.32,0.01,
94,Nea,12,mix,0,0,716.19,inv,ani,ect,her,lan,lcp,pol,1,3,2,76,0.18,0.01,
94,Nea,12,mix,0,0,716.19,inv,ani,ect,her,lan,lcp,pol,1,3,2,76,0.07,0.01,
94,Nea,12,mix,0,0,716.19,inv,ani,ect,her,top,pro,pol,1,3,2,76,-0.26,0.01,
94,Nea,12,mix,0,0,716.19,inv,ani,ect,her,lan,pat,pol,1,3,2,76,0.37,0.01,
94,Nea,12,mix,0,0,716.19,inv,ani,ect,her,lan,pat,pol,1,3,2,76,0.29,0.01,
94,Nea,12,mix,0,0,716.19,inv,ani,ect,her,lan,pat,pol,1,3,2,76,0.24,0.01,
94,Nea,12,mix,0,0,716.19,inv,ani,ect,her,lan,pat,pol,1,3,2,76,0.38,0.01,
94,Nea,12,mix,0,0,716.19,inv,ani,ect,her,lan,pat,pol,1,3,2,76,0.32,0.01,
94,Nea,12,mix,0,0,716.19,inv,ani,ect,her,lan,lcp,pol,1,3,2,76,0.34,0.01,
94,Nea,12,mix,0,0,716.19,inv,ani,ect,her,lan,lcp,pol,1,3,2,76,0.24,0.01,
94,Nea,12,mix,0,0,716.19,inv,ani,ect,her,lan,lcp,pol,1,3,2,76,0.01,0.01,
94,Nea,12,mix,0,0,716.19,inv,ani,ect,her,top,pro,pol,1,3,2,76,-0.31,0.01,
94,Nea,12,mix,0,0,716.19,inv,ani,ect,her,lan,pat,pol,1,3,2,76,0.33,0.01,
94,Nea,12,mix,0,0,716.19,inv,ani,ect,her,lan,pat,pol,1,3,2,76,0.29,0.01,
94,Nea,12,mix,0,0,716.19,inv,ani,ect,her,lan,pat,pol,1,3,2,76,0.18,0.01,
94,Nea,12,mix,0,0,716.19,inv,ani,ect,her,lan,pat,pol,1,3,2,76,0.29,0.01,
94,Nea,12,mix,0,0,716.19,inv,ani,ect,her,lan,pat,pol,1,3,2,76,0.32,0.01,
94,Nea,12,mix,0,0,716.19,inv,ani,ect,her,lan,lcp,pol,1,3,2,76,0.35,0.01,
94,Nea,12,mix,0,0,716.19,inv,ani,ect,her,lan,lcp,pol,1,3,2,76,0.17,0.01,
94,Nea,12,mix,0,0,716.19,inv,ani,ect,her,lan,lcp,pol,1,3,2,76,-0.05,0.01,
94,Nea,12,mix,0,0,716.19,inv,ani,ect,her,top,pro,pol,1,3,2,76,-0.31,0.01,
94,Nea,12,mix,0,0,716.19,inv,ani,ect,her,lan,pat,pol,1,3,2,76,0.32,0.01,
94,Nea,12,mix,0,0,716.19,inv,ani,ect,her,lan,pat,pol,1,3,2,76,0.28,0.01,
94,Nea,12,mix,0,0,716.19,inv,ani,ect,her,lan,pat,pol,1,3,2,76,0.17,0.01,
94,Nea,12,mix,0,0,716.19,inv,ani,ect,her,lan,pat,pol,1,3,2,76,0.27,0.01,
94,Nea,12,mix,0,0,716.19,inv,ani,ect,her,lan,pat,pol,1,3,2,76,0.34,0.01,
94,Nea,12,mix,0,0,716.19,inv,ani,ect,her,lan,lcp,pol,1,3,2,76,0.34,0.01,
94,Nea,12,mix,0,0,716.19,inv,ani,ect,her,lan,lcp,pol,1,3,2,76,0.17,0.01,
94,Nea,12,mix,0,0,716.19,inv,ani,ect,her,lan,lcp,pol,1,3,2,76,-0.06,0.01,
94,Nea,12,mix,0,0,716.19,inv,ani,ect,her,top,pro,pol,1,3,2,76,-0.31,0.01,
94,Nea,12,mix,0,0,716.19,inv,ani,ect,her,lan,pat,pol,1,3,2,76,0.37,0.01,
94,Nea,12,mix,0,0,716.19,inv,ani,ect,her,lan,pat,pol,1,3,2,76,0.28,0.01,
94,Nea,12,mix,0,0,716.19,inv,ani,ect,her,lan,pat,pol,1,3,2,76,0.28,0.01,
94,Nea,12,mix,0,0,716.19,inv,ani,ect,her,lan,pat,pol,1,3,2,76,0.24,0.01,
94,Nea,12,mix,0,0,716.19,inv,ani,ect,her,lan,pat,pol,1,3,2,76,0.37,0.01,
94,Nea,12,mix,0,0,716.19,inv,ani,ect,her,lan,lcp,pol,1,3,2,76,0.31,0.01,
94,Nea,12,mix,0,0,716.19,inv,ani,ect,her,lan,lcp,pol,1,3,2,76,0.19,0.01,
94,Nea,12,mix,0,0,716.19,inv,ani,ect,her,lan,lcp,pol,1,3,2,76,0.08,0.01,
94,Nea,12,mix,0,0,716.19,inv,ani,ect,her,top,pro,pol,1,3,2,76,-0.31,0.01,
94,Nea,12,mix,0,0,716.19,inv,ani,ect,her,lan,pat,pol,1,3,2,76,0.35,0.01,
94,Nea,12,mix,0,0,716.19,inv,ani,ect,her,lan,pat,pol,1,3,2,76,0.28,0.01,
94,Nea,12,mix,0,0,716.19,inv,ani,ect,her,lan,pat,pol,1,3,2,76,0.30,0.01,
94,Nea,12,mix,0,0,716.19,inv,ani,ect,her,lan,pat,pol,1,3,2,76,0.04,0.01,
94,Nea,12,mix,0,0,716.19,inv,ani,ect,her,lan,pat,pol,1,3,2,76,0.34,0.01,
94,Nea,12,mix,0,0,716.19,inv,ani,ect,her,lan,lcp,pol,1,3,2,76,0.40,0.01,
94,Nea,12,mix,0,0,716.19,inv,ani,ect,her,lan,lcp,pol,1,3,2,76,0.23,0.01,
94,Nea,12,mix,0,0,716.19,inv,ani,ect,her,lan,lcp,pol,1,3,2,76,0.23,0.01,
94,Nea,12,mix,0,0,716.19,inv,ani,ect,her,top,pro,pol,1,3,2,76,-0.30,0.01,
94,Nea,12,mix,0,0,716.19,inv,ani,ect,her,lan,pat,pol,1,2,2,76,0.51,0.01,
94,Nea,12,mix,0,0,716.19,inv,ani,ect,her,lan,pat,pol,1,2,2,76,0.35,0.01,
94,Nea,12,mix,0,0,716.19,inv,ani,ect,her,lan,pat,pol,1,2,2,76,0.48,0.01,
94,Nea,12,mix,0,0,716.19,inv,ani,ect,her,lan,pat,pol,1,2,2,76,-0.10,0.01,
94,Nea,12,mix,0,0,716.19,inv,ani,ect,her,lan,pat,pol,1,2,2,76,0.42,0.01,
94,Nea,12,mix,0,0,716.19,inv,ani,ect,her,lan,lcp,pol,1,2,2,76,0.42,0.01,
94,Nea,12,mix,0,0,716.19,inv,ani,ect,her,lan,lcp,pol,1,2,2,76,0.27,0.01,
94,Nea,12,mix,0,0,716.19,inv,ani,ect,her,lan,lcp,pol,1,2,2,76,0.34,0.01,
94,Nea,12,mix,0,0,716.19,inv,ani,ect,her,top,pro,pol,1,2,2,76,-0.24,0.01,
96,Neo,9,gra,0,1,1539.37,inv,ani,ect,her,veg,pla,tra,0,1,2,24,1.27,0.05,
96,Neo,9,gra,0,1,1539.37,inv,ani,ect,her,veg,pla,tra,0,1,2,20,0.59,0.06,
96,Neo,9,gra,0,1,1539.37,inv,ani,ect,her,veg,pla,tra,0,1,2,24,1.06,0.05,
96,Neo,9,gra,0,1,1539.37,inv,ani,ect,her,veg,pla,tra,0,1,2,24,0.62,0.05,
96,Neo,9,gra,0,1,1539.37,inv,ani,ect,her,veg,pla,tra,0,1,2,24,0.79,0.05,
96,Neo,9,gra,0,1,1539.37,inv,ani,ect,her,veg,pla,tra,0,1,2,20,0.68,0.06,
97,Aus,5,for,0,0,1200.24,inv,ani,ect,omn,veg,vec,plo,1,1,1,28,-0.58,0.04,
97,Aus,5,for,0,0,1200.24,inv,ani,ect,omn,veg,vec,plo,1,1,1,28,-0.48,0.04,
97,Aus,5,for,0,0,1200.24,inv,ani,ect,omn,soi,sov,plo,1,1,1,28,-0.47,0.04,
97,Aus,5,for,0,0,1200.24,inv,ani,ect,omn,veg,ved,plo,1,1,1,28,-0.41,0.04,
98,Aus,5,for,0,0,1200.24,inv,ani,ect,mix,veg,vec,plo,1,1,1,28,0.58,0.04,
98,Aus,5,for,0,0,1200.24,inv,ani,ect,mix,veg,vec,plo,1,1,1,28,0.45,0.04,
98,Aus,5,for,0,0,1200.24,inv,ani,ect,mix,veg,vec,plo,1,1,1,28,0.50,0.04,
98,Aus,5,for,0,0,1200.24,inv,ani,ect,mix,soi,sov,plo,1,1,1,28,0.69,0.04,
99,Nea,5,for,0,0,810.46,pla,mix,pla,aut,veg,ved,plo,1,1,2,30,0.32,0.04,
99,Nea,5,for,0,0,810.46,pla,mix,pla,aut,soi,sov,plo,1,1,2,30,-0.04,0.04,
99,Nea,5,for,0,0,810.46,pla,mix,pla,aut,soi,sov,plo,1,1,2,30,0.29,0.04,
99,Nea,5,for,0,0,810.46,pla,mix,pla,aut,soi,sov,plo,1,1,2,30,-0.15,0.04,
99,Nea,5,for,0,0,810.46,pla,mix,pla,aut,cli,cli,plo,1,1,2,30,-0.05,0.04,
100,Pal,12,mix,1,0,602.28,bir,ani,end,mix,lan,lcd,gri,1,3,3,2362,0.06,0.00,
100,Pal,12,mix,1,0,602.28,bir,ani,end,mix,lan,lcd,gri,1,3,3,2362,0.07,0.00,
101,Pal,3,for,0,0,1167.31,pla,mix,pla,aut,lan,lcd,plo,1,1,1,32,1.00,0.03,
102,Afr,3,for,0,0,1278.93,pla,mix,pla,aut,top,ele,gri,1,4,3,55,0.88,0.02,
102,Afr,3,for,0,0,1278.93,pla,mix,pla,aut,cli,cli,gri,1,4,3,55,0.87,0.02,
102,Afr,3,for,0,0,1278.93,pla,mix,pla,aut,lan,lcd,gri,1,4,3,55,0.31,0.02,
102,Afr,3,for,0,0,1278.93,pla,mix,pla,aut,soi,sod,gri,1,4,3,55,0.27,0.02,
102,Afr,3,for,0,0,1278.93,pla,her,pla,aut,top,ele,gri,1,4,3,55,0.68,0.02,
102,Afr,3,for,0,0,1278.93,pla,her,pla,aut,cli,cli,gri,1,4,3,55,0.86,0.02,
102,Afr,3,for,0,0,1278.93,pla,her,pla,aut,lan,lcd,gri,1,4,3,55,0.18,0.02,
102,Afr,3,for,0,0,1278.93,pla,her,pla,aut,soi,sod,gri,1,4,3,55,0.36,0.02,
102,Afr,3,for,0,0,1278.93,pla,her,pla,aut,top,ele,gri,1,4,3,55,0.96,0.02,
102,Afr,3,for,0,0,1278.93,pla,her,pla,aut,cli,cli,gri,1,4,3,55,1.18,0.02,
102,Afr,3,for,0,0,1278.93,pla,her,pla,aut,lan,lcd,gri,1,4,3,55,0.24,0.02,
102,Afr,3,for,0,0,1278.93,pla,her,pla,aut,soi,sod,gri,1,4,3,55,0.17,0.02,
102,Afr,3,for,0,0,1278.93,pla,shr,pla,aut,top,ele,gri,1,4,3,55,0.87,0.02,
102,Afr,3,for,0,0,1278.93,pla,shr,pla,aut,cli,cli,gri,1,4,3,55,1.03,0.02,
102,Afr,3,for,0,0,1278.93,pla,shr,pla,aut,lan,lcd,gri,1,4,3,55,0.34,0.02,
102,Afr,3,for,0,0,1278.93,pla,shr,pla,aut,soi,sod,gri,1,4,3,55,0.21,0.02,
102,Afr,3,for,0,0,1278.93,pla,shr,pla,aut,top,ele,gri,1,4,3,55,0.76,0.02,
102,Afr,3,for,0,0,1278.93,pla,shr,pla,aut,cli,cli,gri,1,4,3,55,0.71,0.02,
102,Afr,3,for,0,0,1278.93,pla,shr,pla,aut,lan,lcd,gri,1,4,3,55,0.32,0.02,
102,Afr,3,for,0,0,1278.93,pla,shr,pla,aut,soi,sod,gri,1,4,3,55,0.33,0.02,
102,Afr,3,for,0,0,1278.93,pla,shr,pla,aut,top,ele,gri,1,4,3,55,0.79,0.02,
102,Afr,3,for,0,0,1278.93,pla,shr,pla,aut,cli,cli,gri,1,4,3,55,0.68,0.02,
102,Afr,3,for,0,0,1278.93,pla,shr,pla,aut,lan,lcd,gri,1,4,3,55,0.32,0.02,
102,Afr,3,for,0,0,1278.93,pla,shr,pla,aut,soi,sod,gri,1,4,3,55,0.21,0.02,
103,Pal,12,mix,0,0,1048.25,pla,mix,pla,aut,top,ele,gri,1,4,3,254,0.95,0.00,
104,mix,10,mix,1,1,1476.35,her,ani,ect,mix,top,ele,isl,0,4,4,48,0.39,0.02,
105,Pal,1,agr,0,0,536.01,pla,mix,pla,aut,lan,lcp,pol,1,3,1,29,-0.58,0.04,
105,Pal,1,agr,0,0,536.01,pla,mix,pla,aut,lan,lcp,pol,1,3,1,29,0.17,0.04,
105,Pal,1,agr,0,0,536.01,pla,mix,pla,aut,lan,lcp,pol,1,3,1,29,-0.14,0.04,
105,Pal,1,agr,0,0,536.01,pla,mix,pla,aut,lan,pat,pol,1,3,1,29,0.26,0.04,
105,Pal,1,agr,0,0,536.01,pla,mix,pla,aut,lan,lcd,pol,1,3,1,29,0.52,0.04,
105,Pal,1,agr,0,0,536.01,pla,mix,pla,aut,lan,lcp,pol,1,2,1,29,-0.26,0.04,
105,Pal,1,agr,0,0,536.01,pla,mix,pla,aut,lan,lcp,pol,1,2,1,29,0.16,0.04,
105,Pal,1,agr,0,0,536.01,pla,mix,pla,aut,lan,lcp,pol,1,2,1,29,-0.09,0.04,
105,Pal,1,agr,0,0,536.01,pla,mix,pla,aut,lan,pat,pol,1,2,1,29,-0.13,0.04,
105,Pal,1,agr,0,0,536.01,pla,mix,pla,aut,lan,lcd,pol,1,2,1,29,0.23,0.04,
105,Pal,1,agr,0,0,536.01,pla,mix,pla,aut,lan,lcp,pol,1,2,1,29,-0.34,0.04,
105,Pal,1,agr,0,0,536.01,pla,mix,pla,aut,lan,lcp,pol,1,2,1,29,-0.13,0.04,
105,Pal,1,agr,0,0,536.01,pla,mix,pla,aut,lan,lcp,pol,1,2,1,29,-0.12,0.04,
105,Pal,1,agr,0,0,536.01,pla,mix,pla,aut,lan,pat,pol,1,2,1,29,0.17,0.04,
105,Pal,1,agr,0,0,536.01,pla,mix,pla,aut,lan,lcd,pol,1,2,1,29,0.33,0.04,
105,Pal,1,agr,0,0,536.01,pla,mix,pla,aut,lan,lcp,pol,1,2,1,29,-0.50,0.04,
105,Pal,1,agr,0,0,536.01,pla,mix,pla,aut,lan,lcp,pol,1,2,1,29,0.21,0.04,
105,Pal,1,agr,0,0,536.01,pla,mix,pla,aut,lan,lcp,pol,1,2,1,29,0.15,0.04,
105,Pal,1,agr,0,0,536.01,pla,mix,pla,aut,lan,pat,pol,1,2,1,29,0.21,0.04,
105,Pal,1,agr,0,0,536.01,pla,mix,pla,aut,lan,lcd,pol,1,2,1,29,0.47,0.04,
105,Pal,1,agr,0,0,536.01,pla,mix,pla,aut,lan,lcp,pol,1,3,1,29,-0.83,0.04,
105,Pal,1,agr,0,0,536.01,pla,mix,pla,aut,lan,lcp,pol,1,3,1,29,0.22,0.04,
105,Pal,1,agr,0,0,536.01,pla,mix,pla,aut,lan,lcp,pol,1,3,1,29,-0.20,0.04,
105,Pal,1,agr,0,0,536.01,pla,mix,pla,aut,lan,pat,pol,1,3,1,29,-0.14,0.04,
105,Pal,1,agr,0,0,536.01,pla,mix,pla,aut,lan,lcd,pol,1,3,1,29,0.79,0.04,
106,Pal,5,mix,0,0,704.96,inv,ani,ect,her,lan,lcd,gri,1,3,3,197,0.43,0.01,
109,Pal,6,mix,0,0,617.76,pla,mix,pla,aut,lan,lcd,gri,1,3,2,156,0.54,0.01,
107,Pal,3,agr,0,0,991.11,inv,ani,ect,mix,lan,lcd,tra,0,1,1,35,0.65,0.03,
107,Pal,3,agr,0,0,991.11,inv,ani,ect,mix,lan,lcd,tra,0,1,1,35,0.38,0.03,
107,Pal,3,agr,0,0,991.11,inv,ani,ect,mix,lan,lcd,tra,0,1,1,35,0.76,0.03,
108,Pal,12,mix,0,0,806.39,pla,her,pla,aut,lan,lcd,gri,1,3,3,1476,1.03,0.00,
108,Pal,12,mix,0,0,806.39,pla,her,pla,aut,top,ele,gri,1,3,3,1476,0.82,0.00,
110,Neo,12,for,0,1,1571.91,bir,ani,end,mix,top,pro,pol,0,3,2,13,0.29,0.10,
110,Neo,12,for,0,1,1571.91,bir,ani,end,mix,top,ele,pol,0,3,2,13,0.86,0.10,
111,Pal,3,mix,1,0,908.75,pla,mix,pla,aut,lan,lcd,isl,0,2,2,14,1.57,0.09,
112,Neo,10,for,0,1,1669.63,mam,ani,end,mix,top,ele,pol,0,4,4,9,-0.20,0.17,
112,Neo,10,for,0,1,1669.63,mam,ani,end,mix,top,ele,pol,0,4,4,9,0.06,0.17,
112,Neo,10,for,0,1,1669.63,mam,ani,end,mix,top,ele,pol,0,4,4,9,-0.05,0.17,
112,Neo,10,for,0,1,1669.63,mam,ani,end,fru,top,ele,pol,0,4,4,9,-0.41,0.17,
112,Neo,10,for,0,1,1669.63,mam,ani,end,ins,top,ele,pol,0,4,4,9,-0.40,0.17,
112,Neo,10,for,0,1,1669.63,mam,ani,end,her,top,ele,pol,0,4,4,9,-0.15,0.17,
112,Neo,10,for,0,1,1669.63,mam,ani,end,car,top,ele,pol,0,4,4,9,-0.20,0.17,
112,Neo,10,for,0,1,1669.63,mam,ani,end,fru,top,ele,pol,0,4,4,9,0.19,0.17,
112,Neo,10,for,0,1,1669.63,mam,ani,end,her,top,ele,pol,0,4,4,9,-0.18,0.17,
113,Neo,12,xer,0,0,1214.31,mam,ani,end,mix,veg,pla,plo,0,1,3,9,1.02,0.17,
113,Neo,12,xer,0,0,1214.31,mam,ani,end,mix,veg,pla,plo,0,1,3,9,1.33,0.17,
113,Neo,12,xer,0,0,1214.31,mam,ani,end,mix,veg,vec,plo,0,1,3,9,0.83,0.17,
113,Neo,12,xer,0,0,1214.31,mam,ani,end,mix,veg,vec,plo,0,1,3,9,1.66,0.17,
113,Neo,12,xer,0,0,1214.31,mam,ani,end,mix,veg,vec,plo,0,1,3,9,0.91,0.17,
114,Pal,5,gra,0,0,723.19,inv,ani,ect,mix,lan,lcd,pol,1,2,2,32,0.38,0.03,
114,Pal,5,gra,0,0,723.19,inv,ani,ect,mix,veg,pla,pol,0,1,2,32,0.77,0.03,
114,Pal,5,gra,0,0,723.19,inv,ani,ect,mix,lan,lcd,pol,1,2,2,32,0.31,0.03,
114,Pal,5,gra,0,0,723.19,inv,ani,ect,mix,lan,lcd,pol,1,3,2,32,0.23,0.03,
114,Pal,5,gra,0,0,723.19,inv,ani,ect,mix,lan,lcd,pol,1,3,2,32,0.12,0.03,
114,Pal,5,gra,0,0,723.19,inv,ani,ect,mix,lan,lcd,pol,1,3,2,32,0.05,0.03,
114,Pal,5,gra,0,0,723.19,inv,ani,ect,mix,lan,lcd,pol,1,3,2,32,0.03,0.03,
114,Pal,5,gra,0,0,723.19,inv,ani,ect,mix,lan,lcd,pol,1,3,2,32,0.05,0.03,
114,Pal,5,gra,0,0,723.19,inv,ani,ect,mix,lan,lcd,pol,1,3,2,32,0.05,0.03,
114,Pal,5,gra,0,0,723.19,inv,ani,ect,mix,lan,lcd,pol,1,3,2,32,0.02,0.03,
114,Pal,5,gra,0,0,723.19,inv,ani,ect,mix,lan,lcd,pol,1,3,2,32,0.00,0.03,
114,Pal,5,gra,0,0,723.19,inv,ani,ect,mix,lan,lcd,pol,1,3,2,32,0.02,0.03,
114,Pal,5,gra,0,0,723.19,inv,ani,ect,mix,lan,lcd,pol,1,3,2,32,-0.01,0.03,
115,Pal,1,for,0,0,562.84,pla,shr,pla,aut,lan,lcd,plo,0,2,1,42,0.28,0.03,
115,Pal,5,for,0,0,574.60,pla,shr,pla,aut,soi,sod,plo,0,2,1,44,0.48,0.02,
115,Pal,5,for,0,0,574.60,pla,her,pla,aut,soi,sod,plo,0,2,1,44,0.32,0.02,
116,Pal,12,mix,1,0,880.26,mam,ani,end,mix,top,ele,isl,0,4,4,12,1.18,0.11,
117,Afr,12,gra,0,0,1469.26,mam,ani,end,mix,top,ele,plo,0,3,3,39,0.18,0.03,
117,Afr,12,gra,0,0,1469.26,mam,ani,end,mix,top,ele,plo,0,3,3,39,0.27,0.03,
118,Nea,3,for,0,0,1225.34,pla,shr,pla,aut,top,pro,plo,0,2,1,175,0.24,0.01,
119,Pal,3,mix,0,0,1158.75,her,ani,ect,mix,top,ele,gri,1,3,3,158,0.20,0.01,
119,Pal,3,mix,0,0,1158.75,her,ani,ect,mix,lan,lcd,gri,1,3,3,158,0.19,0.01,
119,Pal,3,mix,0,0,1158.75,her,ani,ect,mix,top,ele,gri,1,3,3,158,0.29,0.01,
119,Pal,3,mix,0,0,1158.75,her,ani,ect,mix,lan,lcd,gri,1,3,3,158,0.28,0.01,
119,Pal,3,mix,0,0,1158.75,mam,ani,end,mix,top,ele,gri,1,3,3,158,0.52,0.01,
119,Pal,3,mix,0,0,1158.75,mam,ani,end,mix,lan,lcd,gri,1,3,3,158,0.48,0.01,
119,Pal,3,mix,0,0,1158.75,bir,ani,end,mix,top,ele,gri,1,3,3,158,0.29,0.01,
119,Pal,3,mix,0,0,1158.75,bir,ani,end,mix,lan,lcd,gri,1,3,3,158,0.41,0.01,
119,Pal,3,mix,0,0,1158.75,mix,ani,mix,mix,top,ele,gri,1,3,3,158,0.45,0.01,
119,Pal,3,mix,0,0,1158.75,mix,ani,mix,mix,lan,lcd,gri,1,3,3,158,0.54,0.01,
120,Pal,12,agr,0,0,858.07,pla,mix,pla,aut,lan,pat,plo,1,2,2,30,0.71,0.04,
120,Pal,12,agr,0,0,858.07,pla,mix,pla,aut,lan,pat,plo,1,2,2,30,0.83,0.04,
120,Pal,12,agr,0,0,858.07,pla,mix,pla,aut,lan,pat,plo,1,2,2,30,-0.74,0.04,
120,Pal,12,agr,0,0,858.07,pla,mix,pla,aut,lan,pat,plo,1,2,2,30,0.63,0.04,
120,Pal,12,agr,0,0,858.07,pla,mix,pla,aut,lan,pat,plo,1,2,2,30,0.63,0.04,
120,Pal,12,agr,0,0,858.07,pla,mix,pla,aut,lan,pat,plo,1,2,2,30,-0.66,0.04,
120,Pal,12,agr,0,0,858.07,pla,mix,pla,aut,lan,pat,plo,1,2,2,30,-0.74,0.04,
120,Pal,12,agr,0,0,858.07,pla,mix,pla,aut,lan,pat,plo,1,2,2,30,-0.87,0.04,
120,Pal,12,agr,0,0,858.07,pla,mix,pla,aut,lan,pat,plo,1,2,2,30,0.39,0.04,
120,Pal,12,agr,0,0,858.07,pla,mix,pla,aut,lan,pat,plo,1,2,2,30,-0.41,0.04,
120,Pal,12,agr,0,0,858.07,pla,mix,pla,aut,lan,pat,plo,1,2,2,30,0.76,0.04,
120,Pal,12,agr,0,0,858.07,pla,mix,pla,aut,lan,pat,plo,1,2,2,30,-0.63,0.04,
120,Pal,12,agr,0,0,858.07,pla,mix,pla,aut,lan,pat,plo,1,2,2,30,0.51,0.04,
120,Pal,12,agr,0,0,858.07,pla,mix,pla,aut,lan,pat,plo,1,2,2,30,-0.83,0.04,
120,Pal,12,agr,0,0,858.07,pla,mix,pla,aut,lan,pat,plo,1,2,2,30,0.83,0.04,
120,Pal,12,agr,0,0,858.07,pla,mix,pla,aut,lan,pat,plo,1,2,2,30,1.26,0.04,
120,Pal,12,agr,0,0,858.07,pla,her,pla,aut,lan,pat,plo,1,2,2,30,0.69,0.04,
120,Pal,12,agr,0,0,858.07,pla,her,pla,aut,lan,pat,plo,1,2,2,30,0.66,0.04,
120,Pal,12,agr,0,0,858.07,pla,her,pla,aut,lan,pat,plo,1,2,2,30,-0.62,0.04,
120,Pal,12,agr,0,0,858.07,pla,her,pla,aut,lan,pat,plo,1,2,2,30,0.65,0.04,
120,Pal,12,agr,0,0,858.07,pla,her,pla,aut,lan,pat,plo,1,2,2,30,0.65,0.04,
120,Pal,12,agr,0,0,858.07,pla,her,pla,aut,lan,pat,plo,1,2,2,30,-0.55,0.04,
120,Pal,12,agr,0,0,858.07,pla,her,pla,aut,lan,pat,plo,1,2,2,30,-0.40,0.04,
120,Pal,12,agr,0,0,858.07,pla,her,pla,aut,lan,pat,plo,1,2,2,30,-0.56,0.04,
120,Pal,12,agr,0,0,858.07,pla,her,pla,aut,lan,pat,plo,1,2,2,30,0.33,0.04,
120,Pal,12,agr,0,0,858.07,pla,her,pla,aut,lan,pat,plo,1,2,2,30,-0.30,0.04,
120,Pal,12,agr,0,0,858.07,pla,her,pla,aut,lan,pat,plo,1,2,2,30,0.63,0.04,
120,Pal,12,agr,0,0,858.07,pla,her,pla,aut,lan,pat,plo,1,2,2,30,-0.58,0.04,
120,Pal,12,agr,0,0,858.07,pla,her,pla,aut,lan,pat,plo,1,2,2,30,0.28,0.04,
120,Pal,12,agr,0,0,858.07,pla,her,pla,aut,lan,pat,plo,1,2,2,30,-0.68,0.04,
120,Pal,12,agr,0,0,858.07,pla,her,pla,aut,lan,pat,plo,1,2,2,30,0.60,0.04,
120,Pal,12,agr,0,0,858.07,pla,her,pla,aut,lan,pat,plo,1,2,2,30,0.95,0.04,
121,Pal,12,for,0,0,555.82,bir,ani,end,mix,veg,vec,plo,0,2,2,8,0.76,0.20,
122,Pal,5,for,1,0,1084.88,pla,mix,pla,aut,top,mic,pol,0,2,1,39,1.07,0.03,
122,Pal,5,for,1,0,1084.88,pla,mix,pla,aut,lan,lcd,pol,0,2,1,39,0.60,0.03,
123,Nea,12,mix,0,0,985.35,mam,ani,end,mix,top,ele,pol,0,4,4,24,1.07,0.05,
123,Nea,12,mix,0,0,985.35,mam,ani,end,mix,lan,lcd,pol,0,4,4,24,0.89,0.05,
123,Nea,12,mix,0,0,985.35,mam,ani,end,mix,lan,lcd,pol,0,4,4,24,0.65,0.05,
124,Pal,5,for,0,0,589.91,bir,ani,end,mix,veg,ved,plo,1,2,1,8,1.60,0.20,
124,Pal,5,for,0,0,589.91,bir,ani,end,mix,veg,ved,plo,1,2,1,8,0.38,0.20,
125,Pal,5,for,1,0,595.49,pla,shr,pla,aut,lan,lcd,isl,0,2,1,17,0.32,0.07,
125,Pal,5,for,1,0,595.49,inv,ani,ect,mix,lan,lcd,isl,0,2,1,17,0.23,0.07,
125,Pal,5,for,1,0,595.49,inv,ani,ect,car,lan,lcd,isl,0,2,1,17,0.18,0.07,
125,Pal,5,for,1,0,595.49,pla,shr,pla,aut,lan,lcd,isl,0,2,1,17,0.27,0.07,
125,Pal,5,for,1,0,595.49,inv,ani,ect,mix,lan,lcd,isl,0,2,1,17,0.18,0.07,
125,Pal,5,for,1,0,595.49,inv,ani,ect,car,lan,lcd,isl,0,2,1,17,0.07,0.07,
125,Pal,5,for,1,0,595.49,pla,shr,pla,aut,veg,ved,isl,0,2,1,17,-0.54,0.07,
125,Pal,5,for,1,0,595.49,inv,ani,ect,mix,veg,ved,isl,0,2,1,17,-0.46,0.07,
125,Pal,5,for,1,0,595.49,inv,ani,ect,car,veg,ved,isl,0,2,1,17,-0.56,0.07,
126,Afr,9,gra,0,1,2124.68,bir,ani,end,mix,lan,lcd,tra,0,2,3,89,0.54,0.01,
126,Afr,9,gra,0,1,2124.68,bir,ani,end,mix,lan,lcd,tra,0,2,3,89,0.35,0.01,
127,Afr,12,gra,0,1,1650.87,mam,ani,end,mix,lan,lcd,gri,1,4,2,7,1.54,0.25,
127,Afr,12,gra,0,1,1650.87,mam,ani,end,mix,lan,lcd,gri,1,4,2,7,1.38,0.25,
128,Pal,1,for,0,0,533.74,inv,ani,ect,her,veg,ved,pol,1,3,1,9,0.88,0.17,
128,Pal,1,for,0,0,533.74,inv,ani,ect,her,veg,ved,plo,1,2,1,17,0.77,0.07,
128,Pal,1,for,0,0,533.74,inv,ani,ect,her,veg,ved,plo,1,1,1,49,0.54,0.02,
129,Afr,9,gra,0,1,1826.91,pla,mix,pla,aut,lan,lcd,plo,1,1,1,60,0.42,0.02,
129,Afr,9,gra,0,1,1826.91,pla,mix,pla,aut,lan,lcd,plo,1,1,1,60,0.17,0.02,
130,Neo,10,for,0,1,1490.03,bir,ani,end,mix,veg,pla,plo,0,2,3,6,0.10,0.33,
130,Neo,10,for,0,1,1490.03,bir,ani,end,mix,veg,pla,plo,0,2,3,7,0.27,0.25,
130,Neo,10,for,0,1,1490.03,bir,ani,end,mix,veg,ved,plo,0,2,3,7,-0.30,0.25,
130,Neo,10,for,0,1,1490.03,bir,ani,end,mix,veg,ved,plo,0,2,3,7,0.84,0.25,
130,Neo,10,for,0,1,1490.03,bir,ani,end,mix,veg,pla,plo,0,2,3,7,-0.13,0.25,
130,Neo,10,for,0,1,1490.03,bir,ani,end,mix,veg,pla,plo,0,2,3,6,0.54,0.33,
130,Neo,10,for,0,1,1490.03,bir,ani,end,mix,veg,ved,plo,0,2,3,4,0.50,1.00,
130,Neo,10,for,0,1,1490.03,bir,ani,end,mix,veg,ved,plo,0,2,3,5,1.44,0.50,
130,Neo,10,for,0,1,1490.03,bir,ani,end,mix,veg,ved,plo,0,2,3,5,0.51,0.50,
130,Neo,10,for,0,1,1490.03,bir,ani,end,mix,veg,vec,plo,0,2,3,7,-0.35,0.25,
130,Neo,10,for,0,1,1490.03,bir,ani,end,mix,veg,vec,plo,0,2,3,7,-0.71,0.25,
130,Neo,10,for,0,1,1490.03,bir,ani,end,mix,veg,vec,plo,0,2,3,7,0.75,0.25,
130,Neo,10,for,0,1,1490.03,bir,ani,end,mix,veg,vec,plo,0,2,3,7,0.92,0.25,
131,Nea,7,gra,0,0,1289.53,pla,mix,pla,aut,lan,lcd,pol,1,1,1,187,0.01,0.01,
131,Nea,7,gra,0,0,1289.53,pla,mix,pla,aut,lan,lcd,pol,1,1,1,187,0.08,0.01,
131,Nea,7,gra,0,0,1289.53,pla,mix,pla,aut,lan,lcd,pol,1,1,1,187,0.16,0.01,
131,Nea,7,gra,0,0,1289.53,pla,mix,pla,aut,lan,lcd,pol,1,1,1,187,0.18,0.01,
131,Nea,7,gra,0,0,1289.53,pla,mix,pla,aut,lan,lcd,pol,1,1,1,187,0.23,0.01,
131,Nea,7,gra,0,0,1289.53,pla,mix,pla,aut,lan,lcd,pol,1,1,1,187,0.23,0.01,
132,Pal,3,mix,1,0,1000.24,pla,mix,pla,aut,lan,lcd,isl,0,2,3,86,0.63,0.01,
132,Pal,3,mix,1,0,1000.24,pla,her,pla,aut,lan,lcd,isl,0,2,3,86,0.64,0.01,
132,Pal,3,mix,1,0,1000.24,pla,her,pla,aut,lan,lcd,isl,0,2,3,86,0.33,0.01,
132,Pal,3,mix,1,0,1000.24,pla,mix,pla,aut,lan,lcd,isl,0,2,3,86,0.44,0.01,
132,Pal,3,mix,1,0,1000.24,pla,mix,pla,aut,lan,lcd,isl,0,2,3,86,0.34,0.01,
133,Pal,1,for,0,0,438.91,pla,mix,pla,aut,lan,lcd,gri,1,2,1,440,0.42,0.00,
133,Pal,1,for,0,0,438.91,pla,mix,pla,aut,lan,lcd,gri,1,2,1,440,0.19,0.00,
133,Pal,1,for,0,0,438.91,pla,shr,pla,aut,lan,lcd,gri,1,2,1,440,0.26,0.00,
133,Pal,1,for,0,0,438.91,pla,shr,pla,aut,lan,lcd,gri,1,2,1,440,0.03,0.00,
133,Pal,1,for,0,0,438.91,pla,her,pla,aut,lan,lcd,gri,1,2,1,440,0.44,0.00,
133,Pal,1,for,0,0,438.91,pla,her,pla,aut,lan,lcd,gri,1,2,1,440,0.23,0.00,
134,mix,10,for,0,1,1686.87,bir,ani,end,mix,veg,vec,plo,0,2,4,6,0.16,0.33,
134,mix,10,for,0,1,1686.87,bir,ani,end,fru,veg,vec,plo,0,2,4,6,0.15,0.33,
135,Nea,5,for,0,0,1327.17,bir,ani,end,mix,lan,lcd,pol,1,2,1,16,-0.33,0.08,
136,Neo,12,for,0,1,1511.51,pla,shr,pla,aut,soi,sov,pol,0,2,3,20,1.16,0.06,
136,Neo,12,for,0,1,1511.51,pla,shr,pla,aut,top,ele,pol,0,2,3,20,0.95,0.06,
136,Neo,12,for,0,1,1511.51,pla,shr,pla,aut,lan,pat,pol,0,2,3,20,-0.33,0.06,
137,Neo,10,agr,0,1,1429.75,inv,ani,ect,omn,veg,vec,plo,1,1,1,10,1.59,0.14,
138,Oce,8,mix,1,1,1315.48,her,ani,ect,mix,top,ele,isl,0,2,1,22,0.20,0.05,
138,Oce,8,mix,1,1,1315.48,her,ani,ect,mix,veg,vec,isl,0,2,1,22,0.81,0.05,
139,Nea,2,xer,0,0,1437.02,her,ani,ect,mix,veg,ved,pol,0,3,3,10,1.40,0.14,
140,Afr,2,xer,0,0,1824.52,bir,ani,end,mix,veg,ved,pol,0,1,3,9,0.14,0.17,
140,Afr,2,xer,0,0,1824.52,bir,ani,end,mix,veg,ved,pol,0,1,3,9,1.08,0.17,
141,Pal,5,for,0,0,643.28,pla,mix,pla,aut,lan,lcd,pol,0,1,1,153,0.08,0.01,
142,Neo,10,for,0,1,1332.99,her,ani,ect,mix,veg,vec,pol,0,2,1,10,2.24,0.14,
142,Neo,10,for,0,1,1332.99,her,ani,ect,mix,veg,vec,pol,0,2,1,10,0.19,0.14,
143,Neo,9,agr,0,0,1381.55,pla,mix,pla,aut,lan,pat,pol,0,3,2,10,1.18,0.14,
143,Neo,9,agr,0,0,1381.55,pla,mix,pla,aut,lan,pat,pol,0,3,2,10,0.96,0.14,
144,Pal,5,for,0,0,544.61,bir,ani,end,mix,veg,pla,plo,1,1,3,168,0.85,0.01,
144,Pal,5,for,0,0,544.61,bir,ani,end,mix,veg,ved,plo,1,1,3,168,0.02,0.01,
145,Nea,3,for,1,0,1386.92,bir,ani,end,mix,top,ele,isl,0,3,3,16,0.87,0.08,
145,Nea,3,for,1,0,1386.92,bir,ani,end,mix,veg,pla,isl,0,3,3,16,1.22,0.08,
146,Neo,12,mix,1,1,1604.60,pla,mix,pla,aut,lan,lcd,isl,0,4,2,11,0.50,0.12,
146,Neo,12,mix,1,1,1604.60,pla,mix,pla,aut,lan,lcd,isl,0,4,2,11,-0.47,0.12,
146,Neo,12,mix,1,1,1604.60,pla,mix,pla,aut,lan,lcd,isl,0,4,2,11,0.54,0.12,
146,Neo,12,mix,1,1,1604.60,pla,mix,pla,aut,lan,lcd,isl,0,4,2,11,0.74,0.12,
146,Neo,12,mix,1,1,1604.60,pla,mix,pla,aut,lan,lcd,isl,0,4,2,11,1.42,0.12,
146,Neo,12,mix,1,1,1604.60,pla,mix,pla,aut,lan,lcd,isl,0,4,2,11,0.17,0.12,
146,Neo,12,mix,1,1,1604.60,pla,mix,pla,aut,lan,lcd,isl,0,4,2,11,0.33,0.12,
146,Neo,12,mix,1,1,1604.60,pla,mix,pla,aut,lan,lcd,isl,0,4,2,11,-0.07,0.12,
146,Neo,12,mix,1,1,1604.60,pla,mix,pla,aut,lan,lcd,isl,0,4,2,11,-0.55,0.12,
147,Pal,5,agr,0,0,725.42,inv,ani,ect,car,lan,lcp,pol,1,3,2,24,0.63,0.05,
148,mix,12,mix,0,0,913.02,mam,ani,end,mix,veg,pla,pol,0,4,4,28,0.89,0.04,
148,mix,12,mix,0,0,913.02,bir,ani,end,mix,veg,pla,pol,0,4,4,28,1.03,0.04,
148,mix,12,mix,0,0,913.02,her,ani,ect,mix,veg,pla,pol,0,4,4,28,1.19,0.04,
148,mix,12,mix,0,0,913.02,her,ani,ect,mix,veg,pla,pol,0,4,4,28,1.26,0.04,
148,mix,12,mix,0,0,913.02,mam,ani,end,mix,top,ele,pol,0,4,4,28,0.83,0.04,
148,mix,12,mix,0,0,913.02,bir,ani,end,mix,top,ele,pol,0,4,4,28,0.38,0.04,
148,mix,12,mix,0,0,913.02,her,ani,ect,mix,top,ele,pol,0,4,4,28,0.09,0.04,
148,mix,12,mix,0,0,913.02,her,ani,ect,mix,top,ele,pol,0,4,4,28,0.15,0.04,
149,Neo,12,mix,0,0,1270.50,bir,ani,end,mix,top,ele,gri,1,4,4,336,-0.46,0.00,
149,Neo,12,mix,0,0,1270.50,bir,ani,end,mix,veg,vec,gri,1,4,4,336,0.76,0.00,
149,Neo,12,mix,0,0,1270.50,bir,ani,end,mix,veg,vec,gri,1,4,4,336,0.81,0.00,
150,Neo,12,mix,0,1,1553.81,bir,ani,end,mix,lan,lcd,gri,0,4,4,1676,0.27,0.00,
150,Neo,12,mix,0,1,1553.81,bir,ani,end,mix,top,ele,gri,0,4,4,1676,0.00,0.00,
150,Neo,12,mix,0,1,1553.81,bir,ani,end,mix,lan,lcd,gri,0,4,4,1676,0.50,0.00,
150,Neo,12,mix,0,1,1553.81,bir,ani,end,mix,top,ele,gri,0,4,4,1676,0.63,0.00,
150,Neo,12,mix,0,1,1553.81,bir,ani,end,mix,lan,lcd,gri,0,4,4,1676,0.52,0.00,
150,Neo,12,mix,0,1,1553.81,bir,ani,end,mix,top,ele,gri,0,4,4,1676,0.73,0.00,
150,Neo,12,mix,0,1,1553.81,bir,ani,end,mix,lan,lcd,gri,0,4,4,1676,0.47,0.00,
150,Neo,12,mix,0,1,1553.81,bir,ani,end,mix,top,ele,gri,0,4,4,1676,0.42,0.00,
150,Neo,12,mix,0,1,1553.81,bir,ani,end,mix,lan,lcd,gri,0,4,4,1676,0.55,0.00,
150,Neo,12,mix,0,1,1553.81,bir,ani,end,mix,top,ele,gri,0,4,4,1676,0.65,0.00,
150,Neo,12,mix,0,1,1553.81,bir,ani,end,mix,lan,lcd,gri,0,4,4,1676,0.00,0.00,
150,Neo,12,mix,0,1,1553.81,bir,ani,end,mix,top,ele,gri,0,4,4,1676,-0.39,0.00,
150,Neo,12,mix,0,1,1553.81,bir,ani,end,mix,lan,lcd,gri,0,4,4,1676,0.27,0.00,
150,Neo,12,mix,0,1,1553.81,bir,ani,end,mix,top,ele,gri,0,4,4,1676,0.00,0.00,
150,Neo,12,mix,0,1,1553.81,bir,ani,end,mix,lan,lcd,gri,0,4,4,1676,0.50,0.00,
150,Neo,12,mix,0,1,1553.81,bir,ani,end,mix,top,ele,gri,0,4,4,1676,0.67,0.00,
150,Neo,12,mix,0,1,1553.81,bir,ani,end,mix,lan,lcd,gri,0,4,4,1676,0.51,0.00,
150,Neo,12,mix,0,1,1553.81,bir,ani,end,mix,top,ele,gri,0,4,4,1676,0.77,0.00,
150,Neo,12,mix,0,1,1553.81,bir,ani,end,mix,lan,lcd,gri,0,4,4,1676,0.47,0.00,
150,Neo,12,mix,0,1,1553.81,bir,ani,end,mix,top,ele,gri,0,4,4,1676,0.51,0.00,
150,Neo,12,mix,0,1,1553.81,bir,ani,end,mix,lan,lcd,gri,0,4,4,1676,0.54,0.00,
150,Neo,12,mix,0,1,1553.81,bir,ani,end,mix,top,ele,gri,0,4,4,1676,0.69,0.00,
150,Neo,12,mix,0,1,1553.81,bir,ani,end,mix,lan,lcd,gri,0,4,4,1676,0.00,0.00,
150,Neo,12,mix,0,1,1553.81,bir,ani,end,mix,top,ele,gri,0,4,4,1676,-0.47,0.00,
151,Pal,5,mix,1,0,600.47,bir,ani,end,mix,lan,lcd,isl,0,3,3,73,1.33,0.01,
151,Pal,5,mix,1,0,600.47,bir,ani,end,mix,top,ele,isl,0,3,3,73,0.49,0.01,
151,Pal,12,mix,1,0,599.44,bir,ani,end,mix,lan,lcd,isl,0,3,3,61,1.30,0.02,
151,Pal,12,mix,1,0,599.44,bir,ani,end,mix,top,ele,isl,0,3,3,61,0.47,0.02,
152,Pal,12,mix,0,0,1048.25,pla,mix,pla,aut,top,ele,pol,0,4,3,93,0.20,0.01,
153,Neo,9,gra,0,1,1553.94,inv,ani,ect,mix,veg,pla,plo,1,1,1,30,0.41,0.04,
154,Nea,12,mix,0,0,1325.23,pla,mix,pla,aut,top,ele,pol,0,4,3,93,0.75,0.01,
155,Neo,12,mix,1,1,1389.92,bir,ani,end,mix,top,ele,isl,0,4,3,19,0.80,0.06,
155,Neo,12,mix,1,1,1389.92,bir,ani,end,mix,lan,lcd,isl,0,4,3,19,0.95,0.06,
155,Neo,12,mix,1,1,1389.92,mam,ani,end,mix,top,ele,isl,0,4,3,15,0.24,0.08,
155,Neo,12,mix,1,1,1389.92,mam,ani,end,mix,lan,lcd,isl,0,4,3,15,0.37,0.08,
155,Neo,12,mix,1,1,1389.92,her,ani,mix,mix,top,ele,isl,0,4,3,19,0.76,0.06,
155,Neo,12,mix,1,1,1389.92,her,ani,mix,mix,lan,lcd,isl,0,4,3,19,0.89,0.06,
155,Neo,12,mix,1,1,1389.92,inv,ani,ect,her,top,ele,isl,0,4,3,19,0.85,0.06,
155,Neo,12,mix,1,1,1389.92,inv,ani,ect,her,lan,lcd,isl,0,4,3,19,1.04,0.06,
156,Aus,12,mix,1,0,805.99,pla,mix,pla,aut,top,ele,pol,0,4,3,56,0.83,0.02,
157,Neo,10,for,0,1,1423.92,bir,ani,end,mix,top,ele,pol,0,3,2,32,0.08,0.03,
157,Neo,10,for,0,1,1423.92,bir,ani,end,mix,top,pro,pol,0,3,2,32,0.87,0.03,
157,Neo,10,for,0,1,1423.92,bir,ani,end,mix,veg,pla,pol,0,3,2,32,0.61,0.03,
158,Nea,2,mix,0,0,1568.90,mam,ani,end,omn,veg,vec,plo,1,1,1,15,0.52,0.08,
158,Nea,2,mix,0,0,1568.90,mam,ani,end,omn,veg,vec,plo,1,1,1,15,0.40,0.08,
158,Nea,2,mix,0,0,1568.90,mam,ani,end,omn,soi,sov,plo,1,1,1,15,0.08,0.08,
159,Nea,12,mon,0,0,938.13,mam,ani,end,mix,lan,lcd,pol,0,4,3,22,1.16,0.05,
159,Nea,12,mon,0,0,938.13,mam,ani,end,mix,lan,lcd,pol,0,4,3,22,1.00,0.05,
159,Nea,12,mon,0,0,1074.57,mam,ani,end,mix,lan,lcd,pol,0,4,3,16,0.69,0.08,
159,Nea,12,mon,0,0,1074.57,mam,ani,end,mix,lan,lcd,pol,0,4,3,16,0.62,0.08,
159,Nea,12,mon,0,0,1167.23,mam,ani,end,mix,lan,lcd,pol,0,4,3,18,0.64,0.07,
159,Nea,12,mon,0,0,1167.23,mam,ani,end,mix,lan,lcd,pol,0,4,3,18,0.54,0.07,
160,Pal,5,agr,0,0,725.42,inv,ani,ect,car,lan,lcp,pol,1,3,2,12,0.74,0.11,
160,Pal,5,agr,0,0,725.42,inv,ani,ect,car,lan,lcp,pol,1,3,2,12,0.51,0.11,
160,Pal,5,agr,0,0,725.42,inv,ani,ect,car,lan,lcp,pol,1,3,2,12,0.55,0.11,
160,Pal,5,agr,0,0,725.42,inv,ani,ect,car,lan,lcp,pol,1,3,2,12,0.47,0.11,
160,Pal,5,agr,0,0,725.42,inv,ani,ect,car,lan,lcp,pol,1,3,2,12,0.31,0.11,
161,Pal,5,for,0,0,862.90,inv,ani,ect,car,veg,vec,plo,1,1,1,6,-0.73,0.33,
161,Pal,5,for,0,0,862.90,inv,ani,ect,car,veg,pla,plo,1,1,1,6,0.04,0.33,
161,Pal,5,for,0,0,862.90,inv,ani,ect,omn,veg,vec,plo,1,1,1,6,0.68,0.33,
161,Pal,5,for,0,0,862.90,inv,ani,ect,omn,veg,pla,plo,1,1,1,6,0.20,0.33,
162,Nea,12,xer,0,0,1175.80,inv,ani,ect,her,lan,lcd,pol,0,3,3,33,0.36,0.03,
162,Nea,12,xer,0,0,1175.80,bir,ani,end,mix,lan,lcd,pol,0,3,3,16,0.94,0.08,
162,Nea,12,xer,0,0,1139.12,inv,ani,ect,her,lan,lcd,plo,0,2,1,39,0.51,0.03,
162,Nea,12,xer,0,0,1139.12,bir,ani,end,mix,lan,lcd,plo,0,2,1,25,0.14,0.05,
162,Nea,12,xer,0,0,1230.38,inv,ani,ect,her,lan,lcd,plo,0,2,2,102,0.00,0.01,
162,Nea,12,xer,0,0,1230.38,bir,ani,end,mix,lan,lcd,plo,0,2,2,32,0.10,0.03,
162,Nea,12,xer,0,0,1120.17,inv,ani,ect,her,lan,lcd,plo,0,2,2,54,0.14,0.02,
162,Nea,12,xer,0,0,1120.17,bir,ani,end,mix,lan,lcd,plo,0,2,2,28,0.00,0.04,
162,Nea,12,xer,0,0,1175.80,inv,ani,ect,her,lan,lcd,plo,0,2,3,195,0.00,0.01,
162,Nea,12,xer,0,0,1175.80,bir,ani,end,mix,lan,lcd,plo,0,2,3,84,0.00,0.01,
163,Pal,3,mix,1,0,1054.96,inv,ani,ect,det,mix,mix,isl,0,3,3,43,2.10,0.02,
163,Pal,3,mix,1,0,1054.96,inv,ani,ect,det,mix,mix,isl,0,4,3,23,1.24,0.05,
163,Pal,3,mix,1,0,1054.96,inv,ani,ect,det,mix,mix,isl,0,3,3,20,1.36,0.06,
164,Aus,12,mix,0,0,1723.30,mam,ani,end,mix,lan,lcd,gri,0,4,4,40,1.14,0.03,
165,Pal,3,for,0,0,1055.03,inv,ani,ect,det,lan,lcd,pol,1,2,1,5,1.66,0.50,
167,Nea,12,xer,0,0,1529.35,bir,ani,end,mix,lan,lcd,plo,1,3,2,42,0.47,0.03,
167,Nea,12,xer,0,0,1529.35,bir,ani,end,mix,lan,lcd,plo,1,3,2,42,0.57,0.03,
167,Nea,12,xer,0,0,1529.35,bir,ani,end,mix,lan,lcd,plo,1,3,2,42,0.48,0.03,
167,Nea,12,xer,0,0,1529.35,bir,ani,end,mix,lan,lcd,plo,1,3,2,42,0.46,0.03,
167,Nea,12,xer,0,0,1529.35,bir,ani,end,mix,lan,lcd,plo,1,3,2,42,0.28,0.03,
167,Nea,12,xer,0,0,1529.35,bir,ani,end,mix,lan,lcd,plo,1,3,2,42,0.59,0.03,
167,Nea,12,xer,0,0,1529.35,bir,ani,end,mix,lan,lcd,plo,1,3,2,42,0.53,0.03,
167,Nea,12,xer,0,0,1529.35,bir,ani,end,mix,lan,lcd,plo,1,3,2,42,0.69,0.03,
167,Nea,12,xer,0,0,1529.35,bir,ani,end,mix,lan,lcd,plo,1,3,2,42,0.54,0.03,
167,Nea,12,xer,0,0,1529.35,bir,ani,end,mix,top,ele,plo,1,3,2,42,0.77,0.03,
166,Nea,12,xer,0,0,1529.35,bir,ani,end,mix,veg,vec,plo,1,3,2,42,1.09,0.03,
166,Nea,12,xer,0,0,1529.35,bir,ani,end,mix,veg,vec,plo,1,3,2,42,1.01,0.03,
166,Nea,12,xer,0,0,1529.35,bir,ani,end,mix,veg,vec,plo,1,3,2,42,0.63,0.03,
168,Pal,5,agr,0,0,725.42,inv,ani,ect,mix,lan,lcp,pol,1,2,2,15,0.79,0.08,
168,Pal,5,agr,0,0,725.42,inv,ani,ect,mix,lan,lcp,pol,1,2,2,15,0.52,0.08,
168,Pal,5,agr,0,0,725.42,inv,ani,ect,mix,lan,lcd,pol,1,2,2,15,0.30,0.08,
168,Pal,5,agr,0,0,725.42,inv,ani,ect,mix,lan,lcp,pol,1,2,2,15,0.74,0.08,
168,Pal,5,agr,0,0,725.42,inv,ani,ect,mix,lan,lcp,pol,1,3,2,15,0.50,0.08,
168,Pal,5,agr,0,0,725.42,inv,ani,ect,mix,lan,lcp,pol,1,3,2,15,0.83,0.08,
168,Pal,5,agr,0,0,725.42,inv,ani,ect,mix,lan,lcp,pol,1,3,2,15,0.47,0.08,
169,Nea,2,xer,0,0,1749.35,pla,shr,pla,aut,soi,sod,pol,0,3,2,22,0.74,0.05,
170,Nea,5,gra,0,0,1006.93,inv,ani,ect,her,lan,lcp,plo,0,2,1,17,0.55,0.07,
171,mix,12,mix,0,0,1000.82,mam,ani,end,mix,top,ele,gri,1,4,4,3668,0.41,0.00,
171,mix,12,mix,0,0,1000.82,mam,ani,end,mix,lan,lcd,gri,1,4,4,3668,0.14,0.00,
171,mix,12,mix,0,0,1000.82,mam,ani,end,mix,top,ele,gri,1,4,4,3668,0.14,0.00,
171,mix,12,mix,0,0,1000.82,mam,ani,end,mix,lan,lcd,gri,1,4,4,3668,0.14,0.00,
172,Pal,12,for,0,0,904.95,pla,mix,pla,aut,veg,ved,plo,1,1,2,40,0.34,0.03,
172,Pal,12,for,0,0,904.95,pla,mix,pla,aut,veg,ved,plo,1,1,2,40,0.63,0.03,
172,Pal,12,for,0,0,904.95,pla,mix,pla,aut,veg,vec,plo,1,1,2,40,0.54,0.03,
172,Pal,12,for,0,0,904.95,pla,mix,pla,aut,veg,ved,plo,1,1,2,40,0.27,0.03,
172,Pal,12,for,0,0,904.95,pla,mix,pla,aut,veg,vec,plo,1,1,2,40,0.30,0.03,
172,Pal,12,for,0,0,904.95,pla,mix,pla,aut,veg,vec,plo,1,1,2,40,-0.60,0.03,
172,Pal,12,for,0,0,904.95,inv,ani,ect,car,veg,ved,plo,1,1,2,40,0.33,0.03,
172,Pal,12,for,0,0,904.95,inv,ani,ect,car,veg,ved,plo,1,1,2,40,0.68,0.03,
172,Pal,12,for,0,0,904.95,inv,ani,ect,car,veg,vec,plo,1,1,2,40,0.62,0.03,
172,Pal,12,for,0,0,904.95,inv,ani,ect,car,veg,ved,plo,1,1,2,40,0.13,0.03,
172,Pal,12,for,0,0,904.95,inv,ani,ect,car,veg,vec,plo,1,1,2,40,0.76,0.03,
172,Pal,12,for,0,0,904.95,inv,ani,ect,car,veg,vec,plo,1,1,2,40,-0.42,0.03,
173,Afr,12,mix,0,1,1374.54,inv,ani,ect,mix,veg,vec,plo,1,1,2,42,-0.47,0.03,
174,Neo,10,for,0,1,1818.23,bir,ani,end,mix,veg,vec,pol,0,1,1,7,1.70,0.25,
175,Nea,7,mix,0,0,884.91,bir,ani,end,mix,top,ele,plo,0,4,1,11,1.42,0.12,
175,Nea,7,mix,0,0,884.91,bir,ani,end,mix,top,ele,plo,0,4,1,11,2.30,0.12,
175,Nea,7,mix,0,0,884.91,bir,ani,end,mix,veg,pla,plo,0,4,1,11,1.16,0.12,
175,Nea,7,mix,0,0,884.91,bir,ani,end,mix,veg,pla,plo,0,4,1,11,1.47,0.12,
175,Nea,7,mix,0,0,884.91,bir,ani,end,mix,top,ele,plo,0,4,1,11,1.07,0.12,
175,Nea,7,mix,0,0,884.91,bir,ani,end,mix,top,ele,plo,0,4,1,11,1.59,0.12,
175,Nea,7,mix,0,0,884.91,bir,ani,end,mix,veg,pla,plo,0,4,1,11,0.97,0.12,
175,Nea,7,mix,0,0,884.91,bir,ani,end,mix,veg,pla,plo,0,4,1,11,1.05,0.12,
175,Nea,7,mix,0,0,884.91,bir,ani,end,mix,top,ele,plo,0,4,1,11,1.47,0.12,
175,Nea,7,mix,0,0,884.91,bir,ani,end,mix,top,ele,plo,0,4,1,11,1.83,0.12,
175,Nea,7,mix,0,0,884.91,bir,ani,end,mix,veg,pla,plo,0,4,1,11,1.13,0.12,
175,Nea,7,mix,0,0,884.91,bir,ani,end,mix,veg,pla,plo,0,4,1,11,1.53,0.12,
175,Nea,7,mix,0,0,884.91,bir,ani,end,mix,top,ele,plo,0,4,1,11,1.38,0.12,
175,Nea,7,mix,0,0,884.91,bir,ani,end,mix,top,ele,plo,0,4,1,11,1.42,0.12,
175,Nea,7,mix,0,0,884.91,bir,ani,end,mix,veg,pla,plo,0,4,1,11,1.10,0.12,
175,Nea,7,mix,0,0,884.91,bir,ani,end,mix,veg,pla,plo,0,4,1,11,1.33,0.12,
176,Pal,3,mix,1,0,884.41,inv,ani,ect,mix,lan,lcd,isl,0,3,1,12,1.60,0.11,
176,Pal,3,mix,1,0,884.41,inv,ani,ect,mix,lan,lcd,isl,0,3,1,12,1.15,0.11,
177,Pal,3,mix,1,0,974.75,inv,ani,ect,det,top,ele,isl,0,3,2,13,2.11,0.10,
177,Pal,3,mix,1,0,1108.94,inv,ani,ect,det,top,ele,isl,0,3,2,12,1.12,0.11,
177,Pal,3,mix,1,0,974.75,inv,ani,ect,det,lan,lcd,isl,0,3,2,13,1.71,0.10,
177,Pal,3,mix,1,0,1108.94,inv,ani,ect,det,lan,lcd,isl,0,3,2,12,1.57,0.11,
178,Afr,12,mix,0,0,1548.73,bir,ani,end,mix,lan,lcd,gri,0,4,4,1858,0.33,0.00,
178,Afr,12,mix,0,0,1548.73,bir,ani,end,mix,lan,lcd,gri,0,4,4,1858,0.04,0.00,
178,Afr,12,mix,0,0,1548.73,bir,ani,end,mix,lan,lcd,gri,0,4,4,458,0.46,0.00,
178,Afr,12,mix,0,0,1548.73,bir,ani,end,mix,lan,lcd,gri,0,4,4,458,0.10,0.00,
178,Afr,12,mix,0,0,1548.73,bir,ani,end,mix,lan,lcd,gri,1,4,4,102,0.87,0.01,
178,Afr,12,mix,0,0,1548.73,bir,ani,end,mix,lan,lcd,gri,1,4,4,102,0.22,0.01,
180,Pal,6,mix,1,0,550.09,inv,ani,ect,car,lan,lcp,plo,1,2,1,6,-1.46,0.33,
180,Pal,6,mix,1,0,550.09,inv,ani,ect,car,veg,pla,plo,1,2,1,6,0.61,0.33,
179,Pal,6,mix,1,0,550.09,inv,ani,ect,det,lan,lcp,plo,1,2,1,6,-0.23,0.33,
179,Pal,6,mix,1,0,550.09,inv,ani,ect,det,lan,lcd,plo,1,2,1,6,1.13,0.33,
179,Pal,6,mix,1,0,550.09,inv,ani,ect,det,lan,pat,plo,1,2,1,6,0.83,0.33,
179,Pal,6,mix,1,0,550.09,inv,ani,ect,det,veg,pla,plo,1,2,1,6,2.23,0.33,
179,Pal,6,mix,1,0,550.09,inv,ani,ect,det,veg,pla,plo,1,2,1,6,1.20,0.33,
179,Pal,6,mix,1,0,550.09,inv,ani,ect,det,lan,lcp,plo,1,2,1,6,-0.47,0.33,
179,Pal,6,mix,1,0,550.09,inv,ani,ect,det,lan,lcd,plo,1,2,1,6,1.13,0.33,
179,Pal,6,mix,1,0,550.09,inv,ani,ect,det,lan,pat,plo,1,2,1,6,1.07,0.33,
179,Pal,6,mix,1,0,550.09,inv,ani,ect,det,veg,pla,plo,1,2,1,6,1.59,0.33,
179,Pal,6,mix,1,0,550.09,inv,ani,ect,det,veg,pla,plo,1,2,1,6,1.28,0.33,
181,Pal,5,mix,0,0,759.05,pla,her,pla,aut,lan,lcp,gri,1,3,2,87,0.89,0.01,
181,Pal,5,mix,0,0,759.05,pla,her,pla,aut,lan,lcp,gri,1,3,2,87,0.50,0.01,
182,Neo,2,mix,1,1,1304.57,pla,mix,pla,aut,top,ele,isl,0,4,3,18,1.19,0.07,
183,Pal,5,agr,0,0,575.40,inv,ani,ect,her,lan,lcd,pol,0,3,2,16,0.58,0.08,
183,Pal,5,agr,0,0,575.40,pla,mix,pla,aut,lan,lcd,pol,0,3,2,16,0.51,0.08,
183,Pal,5,agr,0,0,575.40,inv,ani,ect,car,lan,lcd,pol,0,3,2,16,0.66,0.08,
184,Pal,4,mix,1,0,968.31,inv,ani,ect,mix,top,ele,isl,0,4,3,65,1.26,0.02,
185,Nea,5,mon,0,0,1103.79,pla,mix,pla,aut,top,ele,pol,0,3,2,10,1.06,0.14,
185,Nea,5,mon,0,0,1103.79,pla,mix,pla,aut,top,ele,pol,0,3,2,10,0.85,0.14,
185,Nea,5,mon,0,0,1103.79,pla,mix,pla,aut,lan,lcd,pol,0,3,2,10,1.17,0.14,
185,Nea,5,mon,0,0,1103.79,pla,mix,pla,aut,top,ele,pol,0,3,2,10,0.77,0.14,
185,Nea,5,mon,0,0,1103.79,pla,mix,pla,aut,top,ele,pol,0,3,2,10,1.21,0.14,
185,Nea,5,mon,0,0,1103.79,pla,mix,pla,aut,lan,lcd,pol,0,3,2,10,0.79,0.14,
185,Nea,5,mon,0,0,1103.79,pla,mix,pla,aut,lan,lcd,pol,0,3,2,10,0.76,0.14,
185,Nea,5,mon,0,0,1103.79,pla,mix,pla,aut,top,ele,pol,0,3,2,10,0.80,0.14,
185,Nea,5,mon,0,0,1103.79,pla,mix,pla,aut,top,ele,pol,0,3,2,10,1.34,0.14,
185,Nea,5,mon,0,0,1103.79,pla,mix,pla,aut,lan,lcd,pol,0,3,2,10,0.87,0.14,
185,Nea,5,mon,0,0,1103.79,pla,mix,pla,aut,top,ele,pol,0,3,2,10,0.95,0.14,
186,Oce,12,mix,1,0,703.05,inv,ani,ect,mix,top,ele,isl,0,4,3,7,0.44,0.25,
186,Oce,12,mix,1,0,703.05,inv,ani,ect,mix,veg,pla,isl,0,4,3,7,1.71,0.25,
186,Oce,12,mix,1,0,703.05,inv,ani,ect,her,veg,pla,isl,0,4,3,7,2.44,0.25,
186,Oce,12,mix,1,0,703.05,inv,ani,ect,mix,veg,pla,isl,0,4,3,7,0.70,0.25,
186,Oce,12,mix,1,0,703.05,inv,ani,ect,mix,veg,pla,isl,0,4,3,7,2.03,0.25,
186,Oce,12,mix,1,0,703.05,pla,mix,pla,aut,top,ele,isl,0,4,3,7,0.35,0.25,
186,Oce,12,mix,1,0,703.05,inv,ani,ect,her,top,ele,isl,0,4,3,7,0.19,0.25,
186,Oce,12,mix,1,0,703.05,inv,ani,ect,mix,top,ele,isl,0,4,3,7,0.88,0.25,
186,Oce,12,mix,1,0,703.05,inv,ani,ect,mix,top,ele,isl,0,4,3,7,0.19,0.25,
187,Aus,10,for,0,1,1509.16,mam,ani,end,mix,veg,vec,plo,1,2,1,8,-1.12,0.20,
187,Aus,10,for,0,1,1509.16,mam,ani,end,mix,veg,vec,plo,1,2,1,8,1.56,0.20,
188,Nea,5,mix,0,0,1068.55,bir,ani,end,mix,veg,vec,plo,0,2,1,21,0.78,0.06,
189,Pal,12,mix,0,0,630.28,pla,mix,pla,aut,cli,cli,pol,0,3,3,350,0.66,0.00,
189,Pal,12,mix,0,0,630.28,pla,mix,pla,aut,soi,sod,pol,0,3,3,350,0.34,0.00,
190,Afr,3,for,0,0,1334.97,inv,ani,ect,her,veg,pla,tra,0,1,3,20,1.18,0.06,
191,Pal,12,mix,0,0,997.77,pla,mix,pla,aut,lan,pat,pol,1,3,2,10,-0.05,0.14,
191,Pal,12,mix,0,0,997.77,pla,mix,pla,aut,lan,lcd,pol,1,3,2,10,-0.88,0.14,
192,mix,12,mix,0,0,909.89,pla,mix,pla,aut,top,ele,pol,0,4,4,178,0.57,0.01,
192,mix,12,mix,0,0,909.89,pla,mix,pla,aut,top,ele,pol,0,4,4,165,0.55,0.01,
192,mix,12,mix,0,0,909.89,pla,shr,pla,aut,top,ele,pol,0,4,4,170,0.63,0.01,
192,mix,12,mix,0,0,909.89,pla,mix,pla,aut,top,ele,pol,0,4,4,175,0.55,0.01,
